date,implied_rate_median,implied_rate_mode,effective_ff_rate,expected_inflation_1y,expected_inflation_10y,ZQ,ZQM25,treasury_3m,treasury_5y,treasury_10y,tbill_ff_spread,curve_10y3m,curve_inverted,expected_rate_change,prob_hike,prob_cut,prob_hold,ff_rate_5d_change,ff_rate_21d_change,implied_rate_volatility,rate_deviation,expectation_momentum
2000-01-31,,,5.87,3.080288,3.2743698,,,5.53000020980835,6.691999912261963,6.666999816894531,-0.3399997901916505,1.1369996070861816,0.0,,,,,0.35000000000000053,0.1299999999999999,,,
2000-02-29,,,5.85,3.1570678,3.3488244,,,5.639999866485596,6.5929999351501465,6.408999919891357,-0.21000013351440394,0.7690000534057617,0.0,,,,,0.08999999999999986,0.17999999999999972,,,
2000-03-31,,,6.17,3.2388566,3.3286618,,,5.71999979019165,6.331999778747559,6.0229997634887695,-0.45000020980834954,0.30299997329711914,0.0,,,,,0.1899999999999995,0.41999999999999993,,,
2000-04-30,,,6.06,3.1606735,3.1782392,,,5.650000095367432,6.552000045776367,6.214000225067139,-0.40999990463256797,0.564000129699707,0.0,,,,,0.0699999999999994,0.10999999999999943,,,
2000-05-31,,,6.83,3.3126257,3.2724233,,,5.489999771118164,6.5320000648498535,6.284999847412109,-1.340000228881836,0.7950000762939453,0.0,,,,,0.4299999999999997,0.8799999999999999,,,
2000-06-30,,,6.86,3.7602013,3.3262841,,,5.699999809265137,6.175000190734863,6.01800012588501,-1.1600001907348636,0.31800031661987305,0.0,,,,,0.35000000000000053,0.39000000000000057,,,
2000-07-31,,,6.64,3.0862813,3.0885155,,,6.019999980926514,6.144000053405762,6.0289998054504395,-0.620000019073486,0.008999824523925781,0.0,,,,,0.14999999999999947,0.1299999999999999,,,
2000-08-31,,,6.65,3.1234906,3.0654361,,,6.110000133514404,5.974999904632568,5.729000091552734,-0.5399998664855961,-0.3810000419616699,1.0,,,,,0.11000000000000032,0.13000000000000078,,,
2000-09-30,,,6.6,3.1741185,2.9890166,6.519996643066406,,6.03000020980835,5.833000183105469,5.7779998779296875,-0.56999979019165,-0.2520003318786621,1.0,,,,,0.05999999999999961,0.09999999999999964,,,
2000-10-31,,,6.59,3.1062109,2.9611545,6.504997253417969,,6.150000095367432,5.813000202178955,5.756999969482422,-0.4399999046325682,-0.39300012588500977,1.0,,,,,0.05999999999999961,0.019999999999999574,,,
2000-11-30,,,6.62,3.0989798,2.9558753,6.5149993896484375,,6.010000228881836,5.39300012588501,5.439000129699707,-0.6099997711181642,-0.5710000991821289,1.0,,,,,0.1299999999999999,0.10000000000000053,,,
2000-12-31,,,5.41,3.1672986,2.8761227,6.5,,5.730000019073486,4.980999946594238,5.110000133514404,0.3200000190734862,-0.619999885559082,1.0,,,,,-1.17,-1.0599999999999996,,,
2001-01-31,,,5.74,2.6536536,2.5332933,5.980003356933594,,4.840000152587891,4.8379998207092285,5.178999900817871,-0.8999998474121096,0.33899974822998047,0.0,,,,,-0.21999999999999975,-0.3199999999999994,,,
2001-02-28,,,5.59,2.632136,2.6418159,5.4850006103515625,,4.71999979019165,4.650000095367432,4.9079999923706055,-0.8700002098083495,0.18800020217895508,0.0,,,,,0.1299999999999999,0.08999999999999986,,,
2001-03-31,,,5.29,2.1422446,2.4986875,5.305000305175781,,4.179999828338623,4.544000148773193,4.914999961853027,-1.110000171661377,0.7350001335144043,0.0,,,,,0.2599999999999998,-0.1299999999999999,,,
2001-04-30,,,4.67,2.5592129,2.586794,4.8000030517578125,,3.8299999237060547,4.888000011444092,5.3379998207092285,-0.8400000762939452,1.5079998970031738,0.0,,,,,0.1299999999999999,-0.3100000000000005,,,
2001-05-31,,,4.24,2.7238774,2.7619294,4.209999084472656,,3.5399999618530273,4.940999984741211,5.413000106811523,-0.7000000381469729,1.873000144958496,0.0,,,,,0.30000000000000027,-0.2699999999999996,,,
2001-06-30,,,3.95,2.7511842,2.8453051,3.75,,3.559999942779541,4.929999828338623,5.389999866485596,-0.39000005722045916,1.8299999237060547,0.0,,,,,-0.020000000000000018,-0.0699999999999994,,,
2001-07-31,,,3.82,2.6878453,2.8069829,3.7649993896484375,,3.440000057220459,4.50600004196167,5.0370001792907715,-0.37999994277954086,1.5970001220703125,0.0,,,,,-0.050000000000000266,0.10999999999999988,,,
2001-08-31,,,3.66,2.5859519,2.6864373,3.6500015258789062,,3.2799999713897705,4.355999946594238,4.815999984741211,-0.38000002861022963,1.5360000133514404,0.0,,,,,0.15000000000000036,-0.040000000000000036,,,
2001-09-30,,,2.75,3.1152263,2.7490267,3.1050033569335938,,2.299999952316284,3.7699999809265137,4.574999809265137,-0.4500000476837158,2.2749998569488525,0.0,,,,,-0.3599999999999999,-0.69,,,
2001-10-31,,,2.66,2.2912795,2.5279263,2.4800033569335938,,2.009999990463257,3.50600004196167,4.263000011444092,-0.6500000095367433,2.253000020980835,0.0,,,,,0.15000000000000036,0.2400000000000002,,,
2001-11-30,,,2.06,2.0813513,2.3965374,2.095001220703125,,1.7300000190734863,4.054999828338623,4.74399995803833,-0.3299999809265137,3.0139999389648438,0.0,,,,,0.18000000000000016,0.08000000000000007,,,
2001-12-31,,,1.52,2.7313753,2.6393462,1.8300018310546875,,1.6699999570846558,4.333000183105469,5.0320000648498535,0.14999995708465574,3.3620001077651978,0.0,,,,,-0.3699999999999999,-0.3799999999999999,,,
2002-01-31,,,1.85,2.2902539,2.7899369,1.7300033569335938,,1.7200000286102295,4.36899995803833,5.025000095367432,-0.1299999713897706,3.305000066757202,0.0,,,,,0.07000000000000006,0.040000000000000036,,,
2002-02-28,,,1.83,2.1457897,2.7123769,1.7450027465820312,,1.7200000286102295,4.177999973297119,4.859000205993652,-0.10999997138977058,3.139000177383423,0.0,,,,,0.1200000000000001,0.09000000000000008,,,
2002-03-31,,,1.74,2.013877,2.7046551,1.75,,1.7400000095367432,4.808000087738037,5.406000137329102,-0.029999990463256854,3.6660001277923584,0.0,,,,,0.030000000000000027,0.050000000000000044,,,
2002-04-30,,,1.82,2.5878316,2.9520356,1.75,,1.7300000190734863,4.413000106811523,5.091000080108643,-0.08999998092651373,3.3610000610351562,0.0,,,,,0.0,0.14000000000000012,,,
2002-05-31,,,1.79,2.6186536,2.7927848,1.75,,1.7050000429153442,4.359000205993652,5.043000221252441,-0.0849999570846558,3.338000178337097,0.0,,,,,0.040000000000000036,0.050000000000000044,,,
2002-06-30,,,1.73,2.3419254,2.7303686,1.7600021362304688,,1.659000039100647,4.058000087738037,4.823999881744385,-0.07099996089935301,3.164999842643738,0.0,,,,,-0.020000000000000018,0.0,,,
2002-07-31,,,1.76,2.3480992,2.6473991,1.7300033569335938,,1.6649999618530273,3.4579999446868896,4.465000152587891,-0.09500003814697267,2.8000001907348633,0.0,,,,,0.07000000000000006,0.020000000000000018,,,
2002-08-31,,,1.81,2.1314545,2.3926105,1.7450027465820312,,1.6449999809265137,3.2079999446868896,4.13700008392334,-0.16500001907348638,2.492000102996826,0.0,,,,,0.0,0.13000000000000012,,,
2002-09-30,,,1.85,2.0411286,2.2175256,1.75,,1.5269999504089355,2.578000068664551,3.6070001125335693,-0.32300004959106454,2.080000162124634,0.0,,,,,0.06000000000000005,0.09000000000000008,,,
2002-10-31,,,1.82,2.0053377,2.1200192,1.7549972534179688,,1.4170000553131104,2.743000030517578,3.9110000133514404,-0.4029999446868897,2.49399995803833,0.0,,,,,0.0,0.07000000000000006,,,
2002-11-30,,,1.23,2.0305948,2.1935127,1.339996337890625,,1.2020000219345093,3.260999917984009,4.2129998207092285,-0.027999978065490705,3.0109997987747192,0.0,,,,,-0.09000000000000008,0.050000000000000044,,,
2002-12-31,,,1.16,1.9511579,2.3274091,1.2399978637695312,,1.1820000410079956,2.7300000190734863,3.818000078201294,0.022000041007995685,2.6360000371932983,0.0,,,,,-0.1200000000000001,-0.06000000000000005,,,
2003-01-31,,,1.33,2.0790118,2.2439394,1.2350006103515625,,1.1480000019073486,2.9570000171661377,3.9749999046325684,-0.18199999809265144,2.8269999027252197,0.0,,,,,0.1200000000000001,0.08000000000000007,,,
2003-02-28,,,1.33,2.1065381,2.2455641,1.2600021362304688,,1.1749999523162842,2.6659998893737793,3.696000099182129,-0.1550000476837159,2.5210001468658447,0.0,,,,,0.1200000000000001,0.1200000000000001,,,
2003-03-31,,,1.38,1.903343,2.0783864,1.25,,1.090000033378601,2.73799991607666,3.822999954223633,-0.2899999666213988,2.7329999208450317,0.0,,,,,0.11999999999999988,0.1499999999999999,,,
2003-04-30,,,1.31,1.9895133,2.1166901,1.2600021362304688,,1.1009999513626099,2.7679998874664307,3.8570001125335693,-0.2090000486373902,2.7560001611709595,0.0,,,,,0.030000000000000027,0.07000000000000006,,,
2003-05-31,,,1.28,1.8385312,2.1170777,1.2600021362304688,,1.0850000381469727,2.2709999084472656,3.3499999046325684,-0.19499996185302737,2.2649998664855957,0.0,,,,,0.07000000000000006,0.040000000000000036,,,
2003-06-30,,,1.45,2.2847306,1.9788142,1.214996337890625,,0.8379999995231628,2.4230000972747803,3.5280001163482666,-0.6120000004768371,2.6900001168251038,0.0,,,,,0.27,0.19999999999999996,,,
2003-07-31,,,1.04,1.6263355,1.973451,1.0100021362304688,,0.9269999861717224,3.2909998893737793,4.473999977111816,-0.11300001382827762,3.546999990940094,0.0,,,,,0.010000000000000009,0.040000000000000036,,,
2003-08-31,,,1.01,1.8526073,2.2894709,1.029998779296875,,0.9599999785423279,3.447000026702881,4.453999996185303,-0.05000002145767213,3.494000017642975,0.0,,,,,0.010000000000000009,0.050000000000000044,,,
2003-09-30,,,1.17,1.9804944,2.3966164,1.0100021362304688,,0.9259999990463257,2.822999954223633,3.937000036239624,-0.24400000095367425,3.0110000371932983,0.0,,,,,0.08999999999999986,0.21999999999999997,,,
2003-10-31,,,1.03,1.7885532,2.1063259,1.0100021362304688,,0.9319999814033508,3.246999979019165,4.301000118255615,-0.0980000185966492,3.3690001368522644,0.0,,,,,0.020000000000000018,0.030000000000000027,,,
2003-11-30,,,1.01,1.9308072,2.2911369,1.0049972534179688,,0.9079999923706055,3.3510000705718994,4.320000171661377,-0.10200000762939454,3.4120001792907715,0.0,,,,,-0.010000000000000009,0.030000000000000027,,,
2003-12-31,,,0.94,2.2234564,2.3653793,0.9850006103515625,,0.9070000052452087,3.2179999351501465,4.256999969482422,-0.032999994754791206,3.349999964237213,0.0,,,,,-0.030000000000000027,-0.050000000000000044,,,
2004-01-31,,,1.03,1.9069713,2.3167501,0.9950027465820312,,0.8970000147819519,3.1500000953674316,4.138000011444092,-0.13299998521804812,3.24099999666214,0.0,,,,,-0.050000000000000044,0.040000000000000036,,,
2004-02-29,,,1.04,1.9871939,2.2754574,1.0049972534179688,,0.9269999861717224,2.944999933242798,3.9839999675750732,-0.11300001382827762,3.056999981403351,0.0,,,,,0.050000000000000044,0.050000000000000044,,,
2004-03-31,,,1.05,1.7042839,2.1716856,1.0049972534179688,,0.9229999780654907,2.7809998989105225,3.8369998931884766,-0.12700002193450932,2.913999915122986,0.0,,,,,0.050000000000000044,0.050000000000000044,,,
2004-04-30,,,1.03,1.8527671,2.1480768,1.0049972534179688,,0.9520000219345093,3.611999988555908,4.500999927520752,-0.07799997806549075,3.5489999055862427,0.0,,,,,0.040000000000000036,0.020000000000000018,,,
2004-05-31,,,1.02,2.2141024,2.4546894,1.0100021362304688,,1.0520000457763672,3.799999952316284,4.65500020980835,0.03200004577636717,3.6030001640319824,0.0,,,,,0.030000000000000027,0.020000000000000018,,,
2004-06-30,,,1.38,2.5740778,2.5673682,1.0250015258789062,,1.3029999732971191,3.808000087738037,4.617000102996826,-0.07700002670288075,3.314000129699707,0.0,,,,,0.32999999999999985,0.3899999999999999,,,
2004-07-31,,,1.29,2.2558469,2.501857,1.2600021362304688,,1.4119999408721924,3.690000057220459,4.474999904632568,0.12199994087219235,3.062999963760376,0.0,,,,,0.020000000000000018,0.050000000000000044,,,
2004-08-31,,,1.55,2.3408529,2.4716518,1.4250030517578125,,1.5679999589920044,3.3239998817443848,4.131999969482422,0.01799995899200435,2.5640000104904175,0.0,,,,,0.0,0.1200000000000001,,,
2004-09-30,,,1.94,2.6767708,2.3558656,1.5999984741210938,,1.6740000247955322,3.369999885559082,4.11899995803833,-0.2659999752044677,2.444999933242798,0.0,,,,,0.17999999999999994,0.44999999999999996,,,
2004-10-31,,,1.79,2.145831,2.3505515,1.7600021362304688,,1.8669999837875366,3.2899999618530273,4.0289998054504395,0.07699998378753659,2.161999821662903,0.0,,,,,0.07000000000000006,0.08000000000000007,,,
2004-11-30,,,2.02,2.2068239,2.3070912,1.9300003051757812,,2.181999921798706,3.7009999752044678,4.357999801635742,0.16199992179870604,2.175999879837036,0.0,,,,,0.0,0.22999999999999998,,,
2004-12-31,,,1.97,1.7525286,2.3469422,2.160003662109375,,2.181999921798706,3.6070001125335693,4.216000080108643,0.21199992179870608,2.0340001583099365,0.0,,,,,-0.30000000000000004,-0.11999999999999988,,,
2005-01-31,,,2.5,2.1405957,2.3687512,2.2750015258789062,,2.421999931335449,3.694000005722046,4.132999897003174,-0.07800006866455078,1.7109999656677246,0.0,,,,,0.16999999999999993,0.2400000000000002,,,
2005-02-28,,,2.52,2.1370072,2.3706533,2.5,,2.690000057220459,3.994999885559082,4.359000205993652,0.17000005722045897,1.6690001487731934,0.0,,,,,-0.009999999999999787,0.020000000000000018,,,
2005-03-31,,,2.96,2.3342418,2.474904,2.625,,2.7219998836517334,4.173999786376953,4.495999813079834,-0.23800011634826657,1.7739999294281006,0.0,,,,,0.16000000000000014,0.43999999999999995,,,
2005-04-30,,,2.97,2.4622893,2.5215946,2.779998779296875,,2.8369998931884766,3.8959999084472656,4.201000213623047,-0.13300010681152363,1.3640003204345703,0.0,,,,,0.15000000000000036,0.2200000000000002,,,
2005-05-31,,,3.09,2.5780667,2.4035554,3.0,,2.881999969482422,3.753000020980835,4.00600004196167,-0.20800003051757798,1.124000072479248,0.0,,,,,0.08000000000000007,0.09999999999999964,,,
2005-06-30,,,3.35,2.3619011,2.2949612,3.035003662109375,,3.059999942779541,3.7249999046325684,3.944999933242798,-0.2900000572204591,0.8849999904632568,0.0,,,,,0.28000000000000025,0.3400000000000003,,,
2005-07-31,,,3.31,2.3318043,2.359812,3.2600021362304688,,3.3320000171661377,4.125,4.285999774932861,0.022000017166137642,0.9539997577667236,0.0,,,,,0.06000000000000005,0.08999999999999986,,,
2005-08-31,,,3.63,2.4638191,2.4709578,3.4950027465820312,,3.430000066757202,3.86899995803833,4.019999980926514,-0.19999993324279774,0.5899999141693115,0.0,,,,,0.08999999999999986,0.1499999999999999,,,
2005-09-30,,,3.93,2.3538136,2.3536565,3.6200027465820312,,3.4700000286102295,4.195000171661377,4.328000068664551,-0.45999997138977067,0.8580000400543213,0.0,,,,,0.17000000000000037,0.43999999999999995,,,
2005-10-31,,,4.02,2.8474638,2.5492617,3.7750015258789062,,3.805000066757202,4.447000026702881,4.559000015258789,-0.21499993324279743,0.7539999485015869,0.0,,,,,0.2699999999999996,0.2899999999999996,,,
2005-11-30,,,4.03,3.0510174,2.5758744,4.0,,3.8570001125335693,4.425000190734863,4.5,-0.1729998874664309,0.6429998874664307,0.0,,,,,0.0,0.010000000000000675,,,
2005-12-31,,,4.09,3.2271725,2.5702512,4.150001525878906,,3.984999895095825,4.355000019073486,4.394999980926514,-0.10500010490417466,0.4100000858306885,0.0,,,,,-0.1200000000000001,-0.07000000000000028,,,
2006-01-31,,,4.47,2.4027758,2.4488727,4.279998779296875,,4.369999885559082,4.4629998207092285,4.5269999504089355,-0.10000011444091772,0.15700006484985352,0.0,,,,,0.09999999999999964,0.22999999999999954,,,
2006-02-28,,,4.52,2.5082827,2.5135642,4.495002746582031,,4.506999969482422,4.60099983215332,4.546999931335449,-0.013000030517577699,0.039999961853027344,0.0,,,,,0.04999999999999982,0.04999999999999982,,,
2006-03-31,,,5.0,1.768612,2.4741254,4.584999084472656,,4.514999866485596,4.814000129699707,4.853000164031982,-0.4850001335144043,0.3380002975463867,0.0,,,,,0.3099999999999996,0.4900000000000002,,,
2006-04-30,,,4.86,2.6830379,2.6257421,4.790000915527344,,4.650000095367432,4.920000076293945,5.068999767303467,-0.20999990463256868,0.41899967193603516,0.0,,,,,0.1200000000000001,0.10000000000000053,,,
2006-05-31,,,5.05,2.8830197,2.6635907,4.944999694824219,,4.715000152587891,5.03000020980835,5.11299991607666,-0.3349998474121092,0.39799976348876953,0.0,,,,,0.05999999999999961,0.16999999999999993,,,
2006-06-30,,,5.05,2.7447553,2.6658287,5.004997253417969,,4.860000133514404,5.0980000495910645,5.138000011444092,-0.18999986648559553,0.2779998779296875,0.0,,,,,0.0699999999999994,0.04999999999999982,,,
2006-07-31,,,5.31,2.8005219,2.721923,5.2350006103515625,,4.934999942779541,4.90500020980835,4.98799991607666,-0.3750000572204586,0.05299997329711914,0.0,,,,,0.0699999999999994,0.0699999999999994,,,
2006-08-31,,,5.31,2.8670646,2.6194038,5.245002746582031,,4.90500020980835,4.691999912261963,4.73199987411499,-0.40499979019165,-0.17300033569335938,1.0,,,,,0.05999999999999961,0.0699999999999994,,,
2006-09-30,,,5.34,2.6513028,2.5174803,5.25,,4.760000228881836,4.586999893188477,4.632999897003174,-0.5799997711181639,-0.1270003318786621,1.0,,,,,0.040000000000000036,0.10999999999999943,,,
2006-10-31,,,5.31,2.4007047,2.485753,5.245002746582031,,4.940000057220459,4.567999839782715,4.605999946594238,-0.3699999427795406,-0.3340001106262207,1.0,,,,,0.07999999999999918,0.02999999999999936,,,
2006-11-30,,,5.31,1.8893923,2.3789791,5.245002746582031,,4.889999866485596,4.441999912261963,4.458000183105469,-0.4200001335144039,-0.43199968338012695,1.0,,,,,0.0699999999999994,0.07999999999999918,,,
2006-12-31,,,5.17,1.9891528,2.3467956,5.2350006103515625,,4.885000228881836,4.701000213623047,4.710000038146973,-0.284999771118164,-0.17500019073486328,1.0,,,,,-0.1200000000000001,-0.08000000000000007,,,
2007-01-31,,,5.33,2.6838116,2.5293118,5.245002746582031,,4.974999904632568,4.818999767303467,4.826000213623047,-0.3550000953674317,-0.14899969100952148,1.0,,,,,0.07000000000000028,0.07000000000000028,,,
2007-02-28,,,5.41,2.6396415,2.5756304,5.25,,4.994999885559082,4.502999782562256,4.550000190734863,-0.4150001144409181,-0.44499969482421875,1.0,,,,,0.16999999999999993,0.17999999999999972,,,
2007-03-31,,,5.3,2.7976602,2.4594415,5.254997253417969,,4.894999980926514,4.5370001792907715,4.6479997634887695,-0.40500001907348615,-0.24700021743774414,1.0,,,,,0.019999999999999574,0.05999999999999961,,,
2007-04-30,,,5.29,2.7184483,2.4786022,5.25,,4.724999904632568,4.515999794006348,4.630000114440918,-0.5650000953674317,-0.09499979019165039,1.0,,,,,0.09999999999999964,0.009999999999999787,,,
2007-05-31,,,5.28,2.9243064,2.524481,5.25,,4.590000152587891,4.853000164031982,4.889999866485596,-0.6899998474121096,0.2999997138977051,0.0,,,,,-0.009999999999999787,0.03000000000000025,,,
2007-06-30,,,5.31,3.214615,2.6718196,5.25,,4.670000076293945,4.935999870300293,5.0329999923706055,-0.6399999237060543,0.36299991607666016,0.0,,,,,0.019999999999999574,0.04999999999999982,,,
2007-07-31,,,5.28,2.614408,2.6399293,5.254997253417969,,4.809999942779541,4.6020002365112305,4.770999908447266,-0.47000005722045923,-0.03900003433227539,1.0,,,,,0.0,0.040000000000000036,,,
2007-08-31,,,4.96,2.6534371,2.4898174,5.019996643066406,,3.990000009536743,4.250999927520752,4.5370001792907715,-0.9699999904632568,0.5470001697540283,0.0,,,,,-0.15000000000000036,0.28000000000000025,,,
2007-09-30,,,4.58,2.5740481,2.4115217,4.974998474121094,,3.700000047683716,4.229000091552734,4.578999996185303,-0.8799999523162843,0.8789999485015869,0.0,,,,,-0.2400000000000002,-0.28000000000000025,,,
2007-10-31,,,4.6,2.2920506,2.4520543,4.75,,3.819999933242798,4.166999816894531,4.474999904632568,-0.7800000667572018,0.6549999713897705,0.0,,,,,-0.20000000000000018,0.08000000000000007,,,
2007-11-30,,,4.66,2.6320037,2.3840553,4.480003356933594,,3.069999933242798,3.4179999828338623,3.9719998836517334,-1.5900000667572023,0.9019999504089355,0.0,,,,,0.10000000000000053,0.16999999999999993,,,
2007-12-31,,,3.06,2.5437758,2.1470427,4.245002746582031,,3.140000104904175,3.4549999237060547,4.034999847412109,0.08000010490417475,0.8949997425079346,0.0,,,,,-1.1999999999999997,-1.4,,,
2008-01-31,,,3.22,2.466622,2.174666,3.93499755859375,,1.8700000047683716,2.8259999752044678,3.6389999389648438,-1.3499999952316286,1.7689999341964722,0.0,,,,,-0.3799999999999999,-1.0399999999999996,,,
2008-02-29,,,3.01,2.2977869,2.0725733,2.9800033569335938,,1.784999966621399,2.509000062942505,3.5339999198913574,-1.2250000333786009,1.7489999532699585,0.0,,,,,0.03999999999999959,-0.040000000000000036,,,
2008-03-31,,,2.51,1.9336763,1.9412978,2.6050033569335938,,1.274999976158142,2.4670000076293945,3.431999921798706,-1.2350000238418577,2.156999945640564,0.0,,,,,0.20999999999999996,-0.4800000000000004,,,
2008-04-30,,,2.37,2.0175043,2.0011092,2.2699966430664062,,1.340000033378601,3.0329999923706055,3.759000062942505,-1.029999966621399,2.419000029563904,0.0,,,,,0.0900000000000003,0.16999999999999993,,,
2008-05-31,,,1.98,2.2868435,2.2201559,1.9800033569335938,,1.850000023841858,3.4070000648498535,4.046000003814697,-0.12999997615814207,2.1959999799728394,0.0,,,,,-0.010000000000000009,0.010000000000000009,,,
2008-06-30,,,2.47,2.7285115,2.3034655,1.9950027465820312,,1.7050000429153442,3.3410000801086426,3.9790000915527344,-0.764999957084656,2.27400004863739,0.0,,,,,0.5000000000000002,0.4500000000000002,,,
2008-07-31,,,2.09,2.9490198,2.343078,2.0100021362304688,,1.6349999904632568,3.2660000324249268,3.9790000915527344,-0.455000009536743,2.3440001010894775,0.0,,,,,-0.040000000000000036,0.08000000000000007,,,
2008-08-31,,,1.94,3.0525448,2.3471243,2.0100021362304688,,1.690000057220459,3.0889999866485596,3.812999963760376,-0.24999994277954096,2.122999906539917,0.0,,,,,0.06000000000000005,-0.06999999999999984,,,
2008-09-30,,,2.03,2.7309252,2.2096956,1.8075027465820312,,0.8999999761581421,2.9860000610351562,3.8269999027252197,-1.1300000238418577,2.9269999265670776,0.0,,,,,0.7999999999999998,0.06999999999999984,,,
2008-10-31,,,0.22,1.6072395,2.1066821,0.972503662109375,,0.4350000023841858,2.821000099182129,3.9700000286102295,0.2150000023841858,3.5350000262260437,0.0,,,,,-0.73,-0.5700000000000001,,,
2008-11-30,,,0.52,0.78457206,2.0072092,0.39749908447265625,,0.019999999552965164,1.944000005722046,2.9570000171661377,-0.5000000004470349,2.9370000176131725,0.0,,,,,-0.06999999999999995,0.25,,,
2008-12-31,,,0.14,0.28299557,1.5806981,0.154998779296875,,0.11500000208616257,1.5509999990463257,2.24399995803833,-0.024999997913837446,2.1289999559521675,0.0,,,,,0.05000000000000002,0.030000000000000013,,,
2009-01-31,,,0.23,0.47357505,1.621304,0.157501220703125,,0.2199999988079071,1.8730000257492065,2.8440001010894775,-0.010000001192092905,2.6240001022815704,0.0,,,,,0.04000000000000001,0.14,,,
2009-02-28,,,0.22,0.38164688,1.6701025,0.222503662109375,,0.25,2.0199999809265137,3.0409998893737793,0.03,2.7909998893737793,0.0,,,,,0.03,-0.010000000000000009,,,
2009-03-31,,,0.16,-0.48067803,1.6327655,0.18250274658203125,,0.20000000298023224,1.6749999523162842,2.684999942779541,0.040000002980232235,2.4849999397993088,0.0,,,,,0.0,-0.04000000000000001,,,
2009-04-30,,,0.2,1.2289362,1.6962653,0.15000152587890625,,0.125,2.0169999599456787,3.124000072479248,-0.07500000000000001,2.999000072479248,0.0,,,,,0.04000000000000001,0.06,,,
2009-05-31,,,0.19,1.2972457,1.8570946,0.18000030517578125,,0.12999999523162842,2.3469998836517334,3.4649999141693115,-0.060000004768371584,3.334999918937683,0.0,,,,,0.010000000000000009,0.01999999999999999,,,
2009-06-30,,,0.22,1.2745119,2.0073266,0.2050018310546875,,0.18000000715255737,2.558000087738037,3.5230000019073486,-0.03999999284744263,3.3429999947547913,0.0,,,,,0.03,0.04000000000000001,,,
2009-07-31,,,0.18,1.5522347,2.0420241,0.157501220703125,,0.17499999701976776,2.5329999923706055,3.500999927520752,-0.005000002980232232,3.325999930500984,0.0,,,,,0.03,0.03,,,
2009-08-31,,,0.15,2.0245319,2.0934921,0.16249847412109375,,0.12999999523162842,2.390000104904175,3.4010000228881836,-0.020000004768371576,3.271000027656555,0.0,,,,,0.0,-0.020000000000000018,,,
2009-09-30,,,0.07,2.3608109,2.0688171,0.15000152587890625,,0.11500000208616257,2.318000078201294,3.306999921798706,0.04500000208616256,3.1919999197125435,0.0,,,,,-0.06,-0.07999999999999999,,,
2009-10-31,,,0.11,1.6283633,1.9561555,0.12000274658203125,,0.04500000178813934,2.322000026702881,3.3919999599456787,-0.06499999821186066,3.3469999581575394,0.0,,,,,0.0,-0.009999999999999995,,,
2009-11-30,,,0.13,1.8070337,2.0233626,0.12000274658203125,,0.05000000074505806,2.00600004196167,3.2009999752044678,-0.07999999925494194,3.1509999744594097,0.0,,,,,0.020000000000000004,0.010000000000000009,,,
2009-12-31,,,0.05,1.7866037,1.9064085,0.12000274658203125,,0.05000000074505806,2.686000108718872,3.8429999351501465,7.450580569168253e-10,3.7929999344050884,0.0,,,,,-0.06,-0.06999999999999999,,,
2010-01-31,,,0.12,1.6957593,2.0911325,0.1125030517578125,,0.07000000029802322,2.3480000495910645,3.6089999675750732,-0.04999999970197677,3.53899996727705,0.0,,,,,0.0,0.009999999999999995,,,
2010-02-28,,,0.13,1.7316171,2.0165529,0.12750244140625,,0.11500000208616257,2.2839999198913574,3.5950000286102295,-0.014999997913837437,3.480000026524067,0.0,,,,,0.010000000000000009,0.0,,,
2010-03-31,,,0.09,1.9701388,2.0067599,0.16750335693359375,,0.15000000596046448,2.559999942779541,3.8329999446868896,0.06000000596046448,3.682999938726425,0.0,,,,,-0.08000000000000002,-0.05000000000000002,,,
2010-04-30,,,0.2,1.587202,2.0631275,0.1999969482421875,,0.1550000011920929,2.4200000762939453,3.6630001068115234,-0.044999998807907116,3.5080001056194305,0.0,,,,,0.0,0.010000000000000009,,,
2010-05-31,,,0.19,1.562963,2.0234055,0.2050018310546875,,0.15000000596046448,2.0969998836517334,3.3010001182556152,-0.039999994039535525,3.1510001122951508,0.0,,,,,-0.010000000000000009,-0.010000000000000009,,,
2010-06-30,,,0.09,1.3532178,1.8811319,0.17749786376953125,,0.17000000178813934,1.7949999570846558,2.9509999752044678,0.08000000178813935,2.7809999734163284,0.0,,,,,-0.07,-0.09,,,
2010-07-31,,,0.18,0.96279857,1.7304709,0.18250274658203125,,0.14000000059604645,1.5980000495910645,2.9070000648498535,-0.039999999403953546,2.767000064253807,0.0,,,,,-0.010000000000000009,0.0,,,
2010-08-31,,,0.21,1.3411201,1.7086811,0.1875,,0.13500000536441803,1.3420000076293945,2.4769999980926514,-0.07499999463558196,2.3419999927282333,0.0,,,,,0.01999999999999999,0.03,,,
2010-09-30,,,0.15,0.90713698,1.580762,0.19499969482421875,,0.1550000011920929,1.281000018119812,2.5169999599456787,0.005000001192092901,2.361999958753586,0.0,,,,,-0.06,-0.03,,,
2010-10-31,,,0.2,1.3652619,1.5742367,0.19000244140625,,0.10999999940395355,1.1790000200271606,2.611999988555908,-0.09000000059604646,2.5019999891519547,0.0,,,,,0.010000000000000009,0.020000000000000018,,,
2010-11-30,,,0.2,1.3962369,1.5460638,0.19249725341796875,,0.1599999964237213,1.4639999866485596,2.796999931335449,-0.0400000035762787,2.636999934911728,0.0,,,,,0.0,0.03,,,
2010-12-31,,,0.13,1.4938723,1.6945193,0.18250274658203125,,0.11500000208616257,2.0160000324249268,3.305000066757202,-0.014999997913837437,3.1900000646710396,0.0,,,,,-0.06,-0.03,,,
2011-01-31,,,0.17,1.7900451,1.9670054,0.1699981689453125,,0.14499999582767487,1.9520000219345093,3.378000020980835,-0.025000004172325146,3.23300002515316,0.0,,,,,0.0,0.0,,,
2011-02-28,,,0.16,1.9547432,1.9901515,0.157501220703125,,0.13500000536441803,2.13700008392334,3.4140000343322754,-0.024999994635581974,3.2790000289678574,0.0,,,,,0.010000000000000009,-0.010000000000000009,,,
2011-03-31,,,0.1,2.1063793,2.048335,0.1399993896484375,,0.09000000357627869,2.2249999046325684,3.4539999961853027,-0.009999996423721319,3.363999992609024,0.0,,,,,-0.03,-0.04000000000000001,,,
2011-04-30,,,0.09,2.0757372,2.099215,0.09999847412109375,,0.03999999910593033,1.975000023841858,3.2960000038146973,-0.05000000089406967,3.256000004708767,0.0,,,,,-0.010000000000000009,0.0,,,
2011-05-31,,,0.1,2.292302,2.032293,0.092498779296875,,0.03999999910593033,1.687999963760376,3.049999952316284,-0.06000000089406968,3.009999953210354,0.0,,,,,0.010000000000000009,0.010000000000000009,,,
2011-06-30,,,0.07,2.1177045,1.894122,0.092498779296875,,0.014999999664723873,1.753999948501587,3.1579999923706055,-0.055000000335276134,3.1429999927058816,0.0,,,,,-0.009999999999999995,-0.01999999999999999,,,
2011-07-31,,,0.11,2.432348,1.9889734,0.06999969482421875,,0.09000000357627869,1.3730000257492065,2.805000066757202,-0.019999996423721314,2.7150000631809235,0.0,,,,,0.05,0.039999999999999994,,,
2011-08-31,,,0.08,1.5113148,1.7313642,0.097503662109375,,0.014999999664723873,0.9520000219345093,2.2179999351501465,-0.06500000033527613,2.2029999354854226,0.0,,,,,-0.009999999999999995,-0.020000000000000004,,,
2011-09-30,,,0.06,1.008876,1.5583105,0.08499908447265625,,0.009999999776482582,0.9649999737739563,1.9240000247955322,-0.050000000223517416,1.9140000250190496,0.0,,,,,-0.020000000000000004,-0.03,,,
2011-10-31,,,0.09,1.4656093,1.5883361,0.07250213623046875,,0.004999999888241291,1.0110000371932983,2.174999952316284,-0.0850000001117587,2.169999952428043,0.0,,,,,0.009999999999999995,0.01999999999999999,,,
2011-11-30,,,0.1,1.5052488,1.6085842,0.08249664306640625,,0.014999999664723873,0.9520000219345093,2.068000078201294,-0.08500000033527613,2.05300007853657,0.0,,,,,0.03,0.020000000000000004,,,
2011-12-31,,,0.04,1.7116627,1.6422125,0.07250213623046875,,0.004999999888241291,0.8299999833106995,1.871000051498413,-0.03500000011175871,1.8660000516101718,0.0,,,,,-0.04,-0.030000000000000006,,,
2012-01-31,,,0.11,1.4714419,1.6011744,0.08249664306640625,,0.054999999701976776,0.7110000252723694,1.7990000247955322,-0.055000000298023224,1.7440000250935555,0.0,,,,,0.03,0.03,,,
2012-02-29,,,0.1,1.5014226,1.5458862,0.10500335693359375,,0.07500000298023224,0.875,1.9769999980926514,-0.024999997019767767,1.9019999951124191,0.0,,,,,0.010000000000000009,-0.009999999999999995,,,
2012-03-31,,,0.09,1.3620536,1.5801475,0.12750244140625,,0.06499999761581421,1.0429999828338623,2.2160000801086426,-0.025000002384185788,2.1510000824928284,0.0,,,,,-0.05000000000000002,-0.03,,,
2012-04-30,,,0.16,1.6869361,1.6497201,0.1374969482421875,,0.09000000357627869,0.8109999895095825,1.9149999618530273,-0.06999999642372132,1.8249999582767487,0.0,,,,,0.010000000000000009,0.0,,,
2012-05-31,,,0.16,1.5903147,1.5553438,0.157501220703125,,0.05999999865889549,0.6710000038146973,1.5809999704360962,-0.10000000134110451,1.5209999717772007,0.0,,,,,0.010000000000000009,0.010000000000000009,,,
2012-06-30,,,0.09,0.78930567,1.4156358,0.16500091552734375,,0.07999999821186066,0.7289999723434448,1.659000039100647,-0.01000000178813934,1.5790000408887863,0.0,,,,,-0.08000000000000002,-0.08000000000000002,,,
2012-07-31,,,0.13,1.2966497,1.4852789,0.157501220703125,,0.10000000149011612,0.5989999771118164,1.4919999837875366,-0.029999998509883885,1.3919999822974205,0.0,,,,,-0.010000000000000009,-0.04000000000000001,,,
2012-08-31,,,0.13,1.3700924,1.480409,0.13500213623046875,,0.08500000089406967,0.5960000157356262,1.562000036239624,-0.04499999910593033,1.4770000353455544,0.0,,,,,0.0,0.0,,,
2012-09-30,,,0.09,1.9315046,1.5292492,0.14499664306640625,,0.09000000357627869,0.6299999952316284,1.6369999647140503,3.5762786898541066e-09,1.5469999611377716,0.0,,,,,-0.06,-0.06,,,
2012-10-31,,,0.18,1.6131067,1.5026504,0.160003662109375,,0.10499999672174454,0.7149999737739563,1.6859999895095825,-0.07500000327825546,1.580999992787838,0.0,,,,,0.01999999999999999,0.01999999999999999,,,
2012-11-30,,,0.16,1.6632266,1.5179508,0.16249847412109375,,0.07500000298023224,0.6140000224113464,1.6059999465942383,-0.08499999701976776,1.530999943614006,0.0,,,,,0.0,0.0,,,
2012-12-31,,,0.09,2.1029068,1.5262619,0.16500091552734375,,0.03500000014901161,0.7250000238418579,1.75600004196167,-0.054999999850988385,1.7210000418126583,0.0,,,,,-0.08000000000000002,-0.07,,,
2013-01-31,,,0.15,1.3155854,1.4890559,0.1425018310546875,,0.06499999761581421,0.8809999823570251,1.9850000143051147,-0.08500000238418579,1.9200000166893005,0.0,,,,,0.009999999999999981,0.009999999999999981,,,
2013-02-28,,,0.14,1.3608065,1.5381946,0.14499664306640625,,0.10000000149011612,0.7689999938011169,1.8880000114440918,-0.039999998509883894,1.7880000099539757,0.0,,,,,-0.01999999999999999,0.010000000000000009,,,
2013-03-31,,,0.09,1.0049408,1.4118858,0.14749908447265625,,0.06499999761581421,0.7689999938011169,1.8519999980926514,-0.0650000023841858,1.7870000004768372,0.0,,,,,-0.05000000000000002,-0.06,,,
2013-04-30,,,0.14,1.4563149,1.4618435,0.14749908447265625,,0.04500000178813934,0.6779999732971191,1.6749999523162842,-0.09499999821186067,1.6299999505281448,0.0,,,,,0.010000000000000009,-0.009999999999999981,,,
2013-05-31,,,0.09,1.1780254,1.4138488,0.1100006103515625,,0.029999999329447746,1.0529999732971191,2.1640000343322754,-0.06000000067055225,2.1340000350028276,0.0,,,,,0.0,-0.03,,,
2013-06-30,,,0.07,1.3532103,1.5503442,0.095001220703125,,0.029999999329447746,1.3849999904632568,2.4779999256134033,-0.04000000067055226,2.4479999262839556,0.0,,,,,-0.01999999999999999,-0.01999999999999999,,,
2013-07-31,,,0.09,1.0030329,1.634568,0.095001220703125,,0.029999999329447746,1.3910000324249268,2.5929999351501465,-0.06000000067055225,2.5629999358206987,0.0,,,,,0.0,0.0,,,
2013-08-31,,,0.07,1.797427,1.7580797,0.08499908447265625,,0.019999999552965164,1.6009999513626099,2.749000072479248,-0.05000000044703484,2.729000072926283,0.0,,,,,-0.009999999999999995,-0.009999999999999995,,,
2013-09-30,,,0.06,2.202423,1.8688006,0.0800018310546875,,0.004999999888241291,1.3880000114440918,2.615000009536743,-0.05500000011175871,2.610000009648502,0.0,,,,,-0.020000000000000004,-0.020000000000000004,,,
2013-10-31,,,0.07,1.5555239,1.7246934,0.08750152587890625,,0.032999999821186066,1.315000057220459,2.5420000553131104,-0.03700000017881394,2.5090000554919243,0.0,,,,,-0.009999999999999995,-0.01999999999999999,,,
2013-11-30,,,0.07,1.4505754,1.7163045,0.08499908447265625,,0.054999999701976776,1.3669999837875366,2.740999937057495,-0.01500000029802323,2.6859999373555183,0.0,,,,,-0.01999999999999999,-0.009999999999999995,,,
2013-12-31,,,0.07,1.9240314,1.7851389,0.08499908447265625,,0.06300000101327896,1.7480000257492065,3.0260000228881836,-0.0069999989867210455,2.9630000218749046,0.0,,,,,-0.009999999999999995,-0.01999999999999999,,,
2014-01-31,,,0.07,1.6382453,1.8490071,0.07250213623046875,,0.009999999776482582,1.5099999904632568,2.6679999828338623,-0.060000000223517425,2.6579999830573797,0.0,,,,,0.0,0.0,,,
2014-02-28,,,0.06,1.5858281,1.7690838,0.06749725341796875,,0.0430000014603138,1.5110000371932983,2.6579999923706055,-0.0169999985396862,2.6149999909102917,0.0,,,,,-0.010000000000000009,0.0,,,
2014-03-31,,,0.06,1.2194617,1.7451938,0.0800018310546875,,0.02800000086426735,1.7319999933242798,2.7230000495910645,-0.03199999913573265,2.695000048726797,0.0,,,,,-0.020000000000000004,-0.020000000000000004,,,
2014-04-30,,,0.09,1.653011,1.87485,0.08750152587890625,,0.019999999552965164,1.680999994277954,2.6480000019073486,-0.07000000044703483,2.6280000023543835,0.0,,,,,0.0,0.009999999999999995,,,
2014-05-31,,,0.08,1.76839,1.8687902,0.08750152587890625,,0.029999999329447746,1.527999997138977,2.4570000171661377,-0.050000000670552255,2.42700001783669,0.0,,,,,-0.009999999999999995,0.0,,,
2014-06-30,,,0.09,1.5265458,1.8300901,0.095001220703125,,0.019999999552965164,1.625,2.5160000324249268,-0.07000000044703483,2.4960000328719616,0.0,,,,,-0.010000000000000009,0.0,,,
2014-07-31,,,0.08,1.8594911,1.8823807,0.092498779296875,,0.017999999225139618,1.7630000114440918,2.555999994277954,-0.062000000774860384,2.5379999950528145,0.0,,,,,-0.009999999999999995,-0.009999999999999995,,,
2014-08-31,,,0.07,1.8065541,1.8790741,0.089996337890625,,0.017999999225139618,1.628000020980835,2.3429999351501465,-0.05200000077486039,2.324999935925007,0.0,,,,,-0.01999999999999999,-0.01999999999999999,,,
2014-09-30,,,0.07,2.1150395,1.9131183,0.08750152587890625,,0.013000000268220901,1.7799999713897705,2.507999897003174,-0.056999999731779105,2.494999896734953,0.0,,,,,-0.01999999999999999,-0.01999999999999999,,,
2014-10-31,,,0.07,1.6022445,1.8727096,0.08750152587890625,,0.003000000026077032,1.6130000352859497,2.3350000381469727,-0.06699999997392297,2.3320000381208956,0.0,,,,,-0.01999999999999999,-0.01999999999999999,,,
2014-11-30,,,0.08,1.321155,1.8157437,0.095001220703125,,0.004999999888241291,1.5110000371932983,2.194000005722046,-0.07500000011175871,2.1890000058338046,0.0,,,,,-0.020000000000000004,-0.009999999999999995,,,
2014-12-31,,,0.06,2.1860996,1.8521375,0.12249755859375,,0.03700000047683716,1.652999997138977,2.1700000762939453,-0.02299999952316284,2.133000075817108,0.0,,,,,-0.07,-0.06,,,
2015-01-31,,,0.06,0.91604112,1.6943704,0.11750030517578125,,0.004999999888241291,1.187000036239624,1.6749999523162842,-0.05500000011175871,1.6699999524280429,0.0,,,,,-0.06,-0.06,,,
2015-02-28,,,0.06,0.38334206,1.5339526,0.1125030517578125,,0.00800000037997961,1.5049999952316284,2.002000093460083,-0.05199999962002039,1.9940000930801034,0.0,,,,,-0.05,-0.05,,,
2015-03-31,,,0.06,0.79843856,1.7034873,0.11499786376953125,,0.02500000037252903,1.375,1.934000015258789,-0.03499999962747097,1.90900001488626,0.0,,,,,-0.05,-0.06,,,
2015-04-30,,,0.08,1.5899931,1.7122854,0.12249755859375,,0.004999999888241291,1.4420000314712524,2.0460000038146973,-0.07500000011175871,2.041000003926456,0.0,,,,,-0.05,-0.039999999999999994,,,
2015-05-31,,,0.08,1.7028274,1.793767,0.125,,0.003000000026077032,1.4670000076293945,2.0950000286102295,-0.07699999997392297,2.0920000285841525,0.0,,,,,-0.039999999999999994,-0.05,,,
2015-06-30,,,0.08,1.7750546,1.8240356,0.12999725341796875,,0.009999999776482582,1.628000020980835,2.3350000381469727,-0.07000000022351742,2.32500003837049,0.0,,,,,-0.05,-0.05,,,
2015-07-31,,,0.08,1.8011251,1.8829511,0.12999725341796875,,0.057999998331069946,1.5479999780654907,2.2049999237060547,-0.022000001668930055,2.1469999253749847,0.0,,,,,-0.05,-0.05,,,
2015-08-31,,,0.08,1.7247986,1.817785,0.1374969482421875,,0.003000000026077032,1.5410000085830688,2.200000047683716,-0.07699999997392297,2.197000047657639,0.0,,,,,-0.06000000000000001,-0.06000000000000001,,,
2015-09-30,,,0.07,1.92835583,1.83859304,0.1374969482421875,,0.004999999888241291,1.375,2.059999942779541,-0.06500000011175872,2.0549999428912997,0.0,,,,,-0.06,-0.07,,,
2015-10-31,,,0.07,1.3119821,1.7425951,0.125,,0.06800000369548798,1.527999997138977,2.1510000228881836,-0.0019999963045120306,2.0830000191926956,0.0,,,,,-0.04999999999999999,-0.06,,,
2015-11-30,,,0.08,1.3066673,1.802926,0.12000274658203125,,0.17000000178813934,1.6540000438690186,2.2179999351501465,0.09000000178813934,2.047999933362007,0.0,,,,,-0.039999999999999994,-0.039999999999999994,,,
2015-12-31,,,0.2,1.46795515,1.81273123,0.23999786376953125,,0.14800000190734863,1.7580000162124634,2.2690000534057617,-0.05199999809265138,2.121000051498413,0.0,,,,,-0.15999999999999998,0.06,,,
2016-01-31,,,0.29,1.47498776,1.85042813,0.342498779296875,,0.30000001192092896,1.3350000381469727,1.930999994277954,0.010000011920928975,1.6309999823570251,0.0,,,,,-0.09000000000000002,-0.07,,,
2016-02-29,,,0.29,1.11589387,1.7071694,0.375,,0.30799999833106995,1.2200000286102295,1.7400000095367432,0.017999998331069966,1.4320000112056732,0.0,,,,,-0.09000000000000002,-0.09000000000000002,,,
2016-03-31,,,0.25,0.78224551,1.64890624,0.3625030517578125,,0.19300000369548798,1.2239999771118164,1.7860000133514404,-0.056999996304512024,1.5930000096559525,0.0,,,,,-0.12,-0.10999999999999999,,,
2016-04-30,,,0.3,1.68966418,1.71603963,0.3625030517578125,,0.19300000369548798,1.2790000438690186,1.819000005722046,-0.10699999630451201,1.626000002026558,0.0,,,,,-0.07,-0.07,,,
2016-05-31,,,0.29,1.66012215,1.74893221,0.36750030517578125,,0.28299999237060547,1.3589999675750732,1.8339999914169312,-0.007000007629394511,1.5509999990463257,0.0,,,,,-0.08000000000000002,-0.08000000000000002,,,
2016-06-30,,,0.3,1.28116185,1.72374515,0.37750244140625,,0.24799999594688416,1.0110000371932983,1.4880000352859497,-0.052000004053115834,1.2400000393390656,0.0,,,,,-0.10000000000000003,-0.07,,,
2016-07-31,,,0.3,1.64813436,1.63004592,0.3925018310546875,,0.23999999463558197,1.0329999923706055,1.4579999446868896,-0.06000000536441802,1.2179999500513077,0.0,,,,,-0.10000000000000003,-0.10000000000000003,,,
2016-08-31,,,0.3,1.5900866,1.64768851,0.39749908447265625,,0.3199999928474426,1.1799999475479126,1.5679999589920044,0.019999992847442638,1.2479999661445618,0.0,,,,,-0.10000000000000003,-0.10000000000000003,,,
2016-09-30,,,0.29,2.06443724,1.72789683,0.39749908447265625,,0.25999999046325684,1.156000018119812,1.6080000400543213,-0.030000009536743144,1.3480000495910645,0.0,,,,,-0.11000000000000004,-0.11000000000000004,,,
2016-10-31,,,0.31,1.74399736,1.70459005,0.39499664306640625,,0.29499998688697815,1.312999963760376,1.8339999914169312,-0.015000013113021848,1.539000004529953,0.0,,,,,-0.09999999999999998,-0.09000000000000002,,,
2016-11-30,,,0.31,1.90220184,1.75829573,0.407501220703125,,0.46799999475479126,1.8339999914169312,2.368000030517578,0.15799999475479126,1.9000000357627869,0.0,,,,,-0.09999999999999998,-0.09999999999999998,,,
2016-12-31,,,0.55,2.2917332,1.95369171,0.535003662109375,,0.47999998927116394,1.934000015258789,2.446000099182129,-0.0700000107288361,1.966000109910965,0.0,,,,,-0.10999999999999999,0.14000000000000007,,,
2017-01-31,,,0.56,2.1027318,1.92241681,0.6500015258789062,,0.5,1.9079999923706055,2.4509999752044678,-0.06000000000000005,1.9509999752044678,0.0,,,,,-0.09999999999999998,-0.09999999999999998,,,
2017-02-28,,,0.57,1.94277371,1.92235723,0.657501220703125,,0.5230000019073486,1.8799999952316284,2.3580000400543213,-0.04699999809265132,1.8350000381469727,0.0,,,,,-0.09000000000000008,-0.09000000000000008,,,
2017-03-31,,,0.82,1.50314821,1.88654098,0.785003662109375,,0.7379999756813049,1.9290000200271606,2.3959999084472656,-0.08200002431869502,1.6579999327659607,0.0,,,,,-0.09000000000000008,0.15999999999999992,,,
2017-04-30,,,0.83,1.71866969,1.85758237,0.8949966430664062,,0.7799999713897705,1.815999984741211,2.2820000648498535,-0.05000002861022945,1.502000093460083,0.0,,,,,-0.08000000000000007,-0.08000000000000007,,,
2017-05-31,,,0.83,1.56480634,1.84054543,0.904998779296875,,0.949999988079071,1.7480000257492065,2.196000099182129,0.11999998807907108,1.2460001111030579,0.0,,,,,-0.08000000000000007,-0.08000000000000007,,,
2017-06-30,,,1.06,0.95868776,1.73020088,1.0400009155273438,,0.9929999709129333,1.8849999904632568,2.302000045776367,-0.0670000290870667,1.3090000748634338,0.0,,,,,-0.09999999999999987,0.15000000000000002,,,
2017-07-31,,,1.07,1.71215951,1.84955694,1.1500015258789062,,1.0529999732971191,1.8320000171661377,2.2920000553131104,-0.01700002670288092,1.2390000820159912,0.0,,,,,-0.08999999999999986,-0.08999999999999986,,,
2017-08-31,,,1.07,1.65217832,1.8153385,1.154998779296875,,0.9779999852180481,1.7070000171661377,2.121000051498413,-0.09200001478195197,1.143000066280365,0.0,,,,,-0.08999999999999986,-0.08999999999999986,,,
2017-09-30,,,1.06,2.05780237,1.84386995,1.154998779296875,,1.027999997138977,1.9279999732971191,2.3259999752044678,-0.032000002861023,1.2979999780654907,0.0,,,,,-0.09999999999999987,-0.09999999999999987,,,
2017-10-31,,,1.07,1.95269933,1.89298914,1.154998779296875,,1.1230000257492065,2.009999990463257,2.375999927520752,0.05300002574920648,1.2529999017715454,0.0,,,,,-0.08999999999999986,-0.08999999999999986,,,
2017-11-30,,,1.07,2.06917502,1.92496508,1.157501220703125,,1.2380000352859497,2.1440000534057617,2.4170000553131104,0.16800003528594964,1.1790000200271606,0.0,,,,,-0.08999999999999986,-0.08999999999999986,,,
2017-12-31,,,1.33,2.82407476,2.01118703,1.3000030517578125,,1.3550000190734863,2.2060000896453857,2.4049999713897705,0.025000019073486257,1.0499999523162842,0.0,,,,,-0.08999999999999986,0.17000000000000015,,,
2018-01-31,,,1.34,1.9048938,1.95641907,1.4124984741210938,,1.4299999475479126,2.5239999294281006,2.7200000286102295,0.08999994754791252,1.290000081062317,0.0,,,,,-0.07999999999999985,-0.07999999999999985,,,
2018-02-28,,,1.35,2.13804094,2.07333165,1.4175033569335938,,1.6180000305175781,2.6500000953674316,2.868000030517578,0.26800003051757804,1.25,0.0,,,,,-0.06999999999999984,-0.06999999999999984,,,
2018-03-31,,,1.67,1.68874433,1.97024161,1.50250244140625,,1.6699999570846558,2.562000036239624,2.740999937057495,-0.010000042915344176,1.0709999799728394,0.0,,,,,-0.010000000000000009,0.25,,,
2018-04-30,,,1.69,1.84679022,1.98436343,1.6924972534179688,,1.7630000114440918,2.7890000343322754,2.936000108718872,0.07300001144409185,1.1730000972747803,0.0,,,,,-0.010000000000000009,0.0,,,
2018-05-31,,,1.7,1.96778394,2.09161804,1.6999969482421875,,1.8700000047683716,2.6640000343322754,2.822000026702881,0.17000000476837163,0.9520000219345093,0.0,,,,,0.0,0.0,,,
2018-06-30,,,1.91,1.59099529,2.04590296,1.8199996948242188,,1.8799999952316284,2.7309999465942383,2.8489999771118164,-0.030000004768371502,0.968999981880188,0.0,,,,,-0.010000000000000009,0.20999999999999996,,,
2018-07-31,,,1.91,2.12308939,2.09571821,1.9124984741210938,,1.9850000143051147,2.8480000495910645,2.9639999866485596,0.07500001430511483,0.9789999723434448,0.0,,,,,0.0,0.0,,,
2018-08-31,,,1.91,2.12845808,2.14036185,1.9150009155273438,,2.055000066757202,2.734999895095825,2.8529999256134033,0.14500006675720223,0.7979998588562012,0.0,,,,,-0.010000000000000009,0.0,,,
2018-09-30,,,2.18,2.41001454,2.13615266,1.9550018310546875,,2.1500000953674316,2.947999954223633,3.055999994277954,-0.02999990463256852,0.9059998989105225,0.0,,,,,0.2500000000000002,0.26000000000000023,,,
2018-10-31,,,2.2,2.21216657,2.16677604,2.1875,,2.2780001163482666,2.986999988555908,3.1589999198913574,0.07800011634826642,0.8809998035430908,0.0,,,,,0.0,0.020000000000000018,,,
2018-11-30,,,2.2,2.16701625,2.15417847,2.1975021362304688,,2.308000087738037,2.8450000286102295,3.013000011444092,0.10800008773803693,0.7049999237060547,0.0,,,,,0.0,0.010000000000000231,,,
2018-12-31,,,2.4,1.98107002,2.09134924,2.2750015258789062,,2.299999952316284,2.509999990463257,2.686000108718872,-0.10000004768371573,0.3860001564025879,0.0,,,,,0.0,0.19999999999999973,,,
2019-01-31,,,2.4,1.8039584,1.95832446,2.4000015258789062,,2.3399999141693115,2.440000057220459,2.634999990463257,-0.06000008583068839,0.2950000762939453,0.0,,,,,0.0,0.0,,,
2019-02-28,,,2.4,1.78943106,1.97069441,2.402496337890625,,2.382999897003174,2.509000062942505,2.7109999656677246,-0.017000102996826083,0.3280000686645508,0.0,,,,,0.0,0.0,,,
2019-03-31,,,2.43,1.37532429,1.69207771,2.404998779296875,,2.328000068664551,2.243000030517578,2.4140000343322754,-0.10199993133544938,0.08599996566772461,0.0,,,,,0.03000000000000025,0.03000000000000025,,,
2019-04-30,,,2.45,2.0373803,1.74737586,2.4250030517578125,,2.368000030517578,2.2820000648498535,2.509000062942505,-0.08199996948242205,0.14100003242492676,0.0,,,,,0.010000000000000231,0.040000000000000036,,,
2019-05-31,,,2.4,2.18513987,1.80265678,2.3899993896484375,,2.2929999828338623,1.9270000457763672,2.1419999599456787,-0.1070000171661376,-0.1510000228881836,1.0,,,,,0.020000000000000018,0.020000000000000018,,,
2019-06-30,,,2.4,1.60914045,1.63705342,2.37750244140625,,2.0350000858306885,1.7580000162124634,2.0,-0.36499991416931143,-0.03500008583068848,1.0,,,,,0.020000000000000018,0.029999999999999805,,,
2019-07-31,,,2.4,1.74765616,1.67609847,2.404998779296875,,2.0299999713897705,1.843999981880188,2.0209999084472656,-0.3700000286102294,-0.009000062942504883,1.0,,,,,0.0,-0.010000000000000231,,,
2019-08-31,,,2.13,1.71433646,1.65909585,2.12750244140625,,1.9329999685287476,1.3910000324249268,1.50600004196167,-0.19700003147125233,-0.42699992656707764,1.0,,,,,0.009999999999999787,0.009999999999999787,,,
2019-09-30,,,1.9,1.64492794,1.56044845,2.0425033569335938,,1.7699999809265137,1.5509999990463257,1.6749999523162842,-0.13000001907348624,-0.09500002861022949,1.0,,,,,0.0,-0.22999999999999998,,,
2019-10-31,,,1.58,1.72460183,1.64198724,1.8324966430664062,,1.4980000257492065,1.5230000019073486,1.690999984741211,-0.08199997425079353,0.1929999589920044,0.0,,,,,-0.25,-0.24,,,
2019-11-30,,,1.56,1.69729979,1.67935282,1.5550003051757812,,1.5399999618530273,1.621000051498413,1.7760000228881836,-0.02000003814697271,0.23600006103515625,0.0,,,,,0.010000000000000009,0.010000000000000009,,,
2019-12-31,,,1.55,1.70378442,1.7145255,1.5524978637695312,,1.5049999952316284,1.6929999589920044,1.9190000295639038,-0.045000004768371626,0.4140000343322754,0.0,,,,,0.0,0.0,,,
2020-01-31,,,1.59,1.79710932,1.7346773,1.5500030517578125,,1.5099999904632568,1.3259999752044678,1.5199999809265137,-0.08000000953674324,0.009999990463256836,0.0,,,,,0.040000000000000036,0.050000000000000044,,,
2020-02-29,,,1.58,1.64596366,1.61900368,1.5849990844726562,,1.2300000190734863,0.9129999876022339,1.1269999742507935,-0.34999998092651374,-0.10300004482269287,1.0,,,,,0.0,0.0,,,
2020-03-31,,,0.08,0.98707392,1.26977517,0.652496337890625,,0.029999999329447746,0.375,0.6980000138282776,-0.050000000670552255,0.6680000144988298,0.0,,,,,-0.020000000000000004,-1.01,,,
2020-04-30,,,0.05,-0.05035367,1.15834975,0.0500030517578125,,0.09000000357627869,0.3449999988079071,0.621999979019165,0.040000003576278684,0.5319999754428864,0.0,,,,,0.0,0.0,,,
2020-05-31,,,0.05,-0.21879037,1.16234276,0.0500030517578125,,0.12800000607967377,0.30399999022483826,0.6480000019073486,0.07800000607967376,0.5199999958276749,0.0,,,,,0.0,0.0,,,
2020-06-30,,,0.08,0.51275711,1.23186673,0.0800018310546875,,0.13500000536441803,0.289000004529953,0.652999997138977,0.05500000536441803,0.517999991774559,0.0,,,,,0.0,0.009999999999999995,,,
2020-07-31,,,0.1,1.57200144,1.34690049,0.095001220703125,,0.08299999684095383,0.2150000035762787,0.5360000133514404,-0.01700000315904618,0.4530000165104866,0.0,,,,,0.010000000000000009,0.010000000000000009,,,
2020-08-31,,,0.09,1.67677177,1.34095578,0.095001220703125,,0.0949999988079071,0.2639999985694885,0.6930000185966492,0.004999998807907108,0.5980000197887421,0.0,,,,,0.0,-0.010000000000000009,,,
2020-09-30,,,0.09,1.5827644,1.35099923,0.089996337890625,0.01999664306640625,0.08500000089406967,0.2720000147819519,0.6769999861717224,-0.004999999105930325,0.5919999852776527,0.0,,,,,0.0,0.0,,,
2020-10-31,,,0.09,1.39703767,1.33753773,0.089996337890625,0.06500244140625,0.08299999684095383,0.38100001215934753,0.8600000143051147,-0.00700000315904617,0.7770000174641609,0.0,,,,,0.0,0.0,,,
2020-11-30,,,0.09,1.42002946,1.37663264,0.08750152587890625,0.12000274658203125,0.07500000298023224,0.3619999885559082,0.843999981880188,-0.014999997019767758,0.7689999788999557,0.0,,,,,0.009999999999999995,0.0,,,
2020-12-31,,,0.09,1.64952129,1.41717038,0.08750152587890625,0.1399993896484375,0.06499999761581421,0.3610000014305115,0.9169999957084656,-0.025000002384185788,0.8519999980926514,0.0,,,,,0.0,0.0,,,
2021-01-31,,,0.07,1.4460926,1.37942385,0.08750152587890625,0.14499664306640625,0.04800000041723251,0.4429999887943268,1.093000054359436,-0.021999999582767493,1.0450000539422035,0.0,,,,,-0.009999999999999995,-0.01999999999999999,,,
2021-02-28,,,0.07,1.67548668,1.42757598,0.0774993896484375,0.2949981689453125,0.03500000014901161,0.7760000228881836,1.4600000381469727,-0.034999999850988395,1.425000037997961,0.0,,,,,0.0,-0.009999999999999995,,,
2021-03-31,,,0.06,1.51383809,1.4974036,0.06999969482421875,0.40000152587890625,0.013000000268220901,0.9380000233650208,1.746000051498413,-0.046999999731779096,1.7330000512301922,0.0,,,,,-0.010000000000000009,-0.010000000000000009,,,
2021-04-30,,,0.05,1.75471736,1.58314707,0.06999969482421875,0.5100021362304688,0.003000000026077032,0.8569999933242798,1.63100004196167,-0.04699999997392297,1.628000041935593,0.0,,,,,-0.020000000000000004,-0.020000000000000004,,,
2021-05-31,,,0.05,1.86820734,1.57835302,0.05999755859375,0.6500015258789062,0.00800000037997961,0.7879999876022339,1.5809999704360962,-0.04199999962002039,1.5729999700561166,0.0,,,,,-0.009999999999999995,-0.009999999999999995,,,
2021-06-30,,,0.08,2.05518859,1.59628851,0.0800018310546875,0.9899978637695312,0.03999999910593033,0.8730000257492065,1.4429999589920044,-0.04000000089406967,1.402999959886074,0.0,,,,,-0.020000000000000004,0.020000000000000004,,,
2021-07-31,,,0.07,2.07311612,1.62481074,0.09999847412109375,0.8899993896484375,0.03999999910593033,0.703000009059906,1.2389999628067017,-0.03000000089406968,1.1989999637007713,0.0,,,,,-0.03,-0.03,,,
2021-08-31,,,0.06,2.46241259,1.58016294,0.092498779296875,0.9000015258789062,0.03999999910593033,0.7720000147819519,1.3040000200271606,-0.02000000089406967,1.2640000209212303,0.0,,,,,-0.03,-0.04000000000000001,,,
2021-09-30,,,0.06,2.68413713,1.64278592,0.0800018310546875,1.0849990844726562,0.02800000086426735,0.996999979019165,1.5290000438690186,-0.03199999913573265,1.5010000430047512,0.0,,,,,-0.020000000000000004,-0.020000000000000004,,,
2021-10-31,,,0.07,1.85436755,1.61273952,0.0800018310546875,1.56500244140625,0.04800000041723251,1.187999963760376,1.5570000410079956,-0.021999999582767493,1.509000040590763,0.0,,,,,-0.009999999999999995,-0.009999999999999995,,,
2021-11-30,,,0.07,2.4798405,1.75849648,0.0800018310546875,1.7249984741210938,0.04800000041723251,1.149999976158142,1.4429999589920044,-0.021999999582767493,1.3949999585747719,0.0,,,,,-0.009999999999999995,-0.009999999999999995,,,
2021-12-31,,,0.07,2.62030861,1.75897506,0.0800018310546875,1.6149978637695312,0.032999999821186066,1.2630000114440918,1.5119999647140503,-0.03700000017881394,1.4789999648928642,0.0,,,,,-0.009999999999999995,-0.009999999999999995,,,
2022-01-31,,,0.08,2.24175848,1.7965635,0.0800018310546875,1.6500015258789062,0.17299999296665192,1.6139999628067017,1.781999945640564,0.09299999296665191,1.608999952673912,0.0,,,,,0.0,0.0,,,
2022-02-28,,,0.08,2.62741883,1.92112169,0.08249664306640625,1.5,0.2879999876022339,1.7209999561309814,1.8389999866485596,0.20799998760223387,1.5509999990463257,0.0,,,,,0.0,0.0,,,
2022-03-31,,,0.33,3.05769883,1.94721641,0.2024993896484375,2.4150009155273438,0.49300000071525574,2.421999931335449,2.3269999027252197,0.16300000071525572,1.833999902009964,0.0,,,,,0.0,0.25,,,
2022-04-30,,,0.33,3.39290341,2.21125412,0.3300018310546875,2.7699966430664062,0.8080000281333923,2.9119999408721924,2.88700008392334,0.4780000281333923,2.0790000557899475,0.0,,,,,0.0,0.0,,,
2022-05-31,,,0.83,3.63465785,2.37039462,0.7649993896484375,2.6650009155273438,1.0299999713897705,2.811000108718872,2.8440001010894775,0.19999997138977055,1.814000129699707,0.0,,,,,0.0,0.0,,,
2022-06-30,,,1.58,4.22671337,2.40126382,1.2050018310546875,2.595001220703125,1.600000023841858,3.003999948501587,2.9719998836517334,0.02000002384185784,1.3719998598098755,0.0,,,,,0.0,0.7500000000000001,,,
2022-07-31,,,2.32,3.3092777,2.22257318,1.6750030517578125,2.31500244140625,2.2980000972747803,2.694999933242798,2.6419999599456787,-0.021999902725219567,0.34399986267089844,0.0,,,,,0.7399999999999998,0.7399999999999998,,,
2022-08-31,,,2.33,3.37713165,2.09959153,2.3324966430664062,3.160003662109375,2.859999895095825,3.2839999198913574,3.132999897003174,0.5299998950958251,0.27300000190734863,0.0,,,,,0.0,0.0,,,
2022-09-30,,,3.08,4.17914969,2.36598926,2.5575027465820312,3.9499969482421875,3.180000066757202,4.040999889373779,3.803999900817871,0.10000006675720208,0.623999834060669,0.0,,,,,0.0,0.75,,,
2022-10-31,,,3.08,2.88195932,2.37080895,3.0800018310546875,4.019996643066406,3.9749999046325684,4.248000144958496,4.077000141143799,0.8949999046325683,0.10200023651123047,0.0,,,,,0.0,0.0,,,
2022-11-30,,,3.83,3.23904839,2.45466999,3.782501220703125,3.3799972534179688,4.252999782562256,3.8320000171661377,3.703000068664551,0.4229997825622558,-0.5499997138977051,1.0,,,,,0.0,0.0,,,
2022-12-31,,,4.33,2.86811918,2.21937769,4.102500915527344,3.6350021362304688,4.260000228881836,4.0,3.878999948501587,-0.06999977111816413,-0.381000280380249,1.0,,,,,0.0,0.5,,,
2023-01-31,,,4.33,2.6790161,2.28560928,4.332496643066406,3.029998779296875,4.570000171661377,3.638000011444092,3.5290000438690186,0.24000017166137688,-1.0410001277923584,1.0,,,,,0.0,0.0,,,
2023-02-28,,,4.57,2.61308946,2.10573941,4.572502136230469,3.8850021362304688,4.710000038146973,4.168000221252441,3.9159998893737793,0.14000003814697237,-0.7940001487731934,1.0,,,,,-0.009999999999999787,-0.009999999999999787,,,
2023-03-31,,,4.83,2.07325087,2.25862414,4.650001525878906,3.2399978637695312,4.585000038146973,3.6110000610351562,3.49399995803833,-0.24499996185302741,-1.0910000801086426,1.0,,,,,0.0,0.2599999999999998,,,
2023-04-30,,,4.83,2.65083257,2.10348814,4.8300018310546875,3.0250015258789062,4.922999858856201,3.5360000133514404,3.4519999027252197,0.0929998588562011,-1.4709999561309814,1.0,,,,,0.0,0.0,,,
2023-05-31,,,5.08,2.65363857,2.16281462,5.055000305175781,3.1999969482421875,5.248000144958496,3.743000030517578,3.63700008392334,0.16800014495849602,-1.6110000610351562,1.0,,,,,0.0,0.0,,,
2023-06-30,,,5.08,1.36626254,1.75489679,5.0749969482421875,3.904998779296875,5.1529998779296875,4.132999897003174,3.819000005722046,0.07299987792968743,-1.3339998722076416,1.0,,,,,0.009999999999999787,0.0,,,
2023-07-31,,,5.33,2.47431653,2.06401319,5.120002746582031,3.93499755859375,5.248000144958496,4.178999900817871,3.9590001106262207,-0.08199985504150398,-1.2890000343322754,1.0,,,,,0.25,0.2599999999999998,,,
2023-08-31,,,5.33,2.60696893,2.13876555,5.3300018310546875,3.9199981689453125,5.297999858856201,4.24399995803833,4.0929999351501465,-0.0320001411437989,-1.2049999237060547,1.0,,,,,0.0,0.0,,,
2023-09-30,,,5.33,2.81243484,2.22221813,5.3300018310546875,4.254997253417969,5.300000190734863,4.605999946594238,4.572999954223633,-0.02999980926513679,-0.7270002365112305,1.0,,,,,0.0,0.0,,,
2023-10-31,,,5.33,2.76957367,2.36266313,5.3274993896484375,4.3300018310546875,5.320000171661377,4.815999984741211,4.875,-0.009999828338623118,-0.44500017166137695,1.0,,,,,0.0,0.0,,,
2023-11-30,,,5.33,2.7911957,2.38411387,5.3300018310546875,3.720001220703125,5.23799991607666,4.297999858856201,4.3520002365112305,-0.09200008392333991,-0.8859996795654297,1.0,,,,,0.0,0.0,,,
2023-12-31,,,5.33,3.09166499,2.27841034,5.3300018310546875,3.2350006103515625,5.179999828338623,3.8399999141693115,3.865999937057495,-0.15000017166137702,-1.313999891281128,1.0,,,,,0.0,0.0,,,
2024-01-31,,,5.33,2.41863256,2.16450727,5.3300018310546875,3.4000015258789062,5.188000202178955,3.881999969482422,3.9670000076293945,-0.141999797821045,-1.2210001945495605,1.0,,,,,0.0,0.0,,,
2024-02-29,,,5.33,2.42832804,2.14620097,5.3300018310546875,4.0449981689453125,5.2230000495910645,4.26200008392334,4.251999855041504,-0.10699995040893562,-0.9710001945495605,1.0,,,,,0.0,0.0,,,
2024-03-31,,,5.33,2.08221333,2.21875271,5.332496643066406,4.1399993896484375,5.203000068664551,4.21999979019165,4.205999851226807,-0.1269999313354493,-0.9970002174377441,1.0,,,,,0.0,0.0,,,
2024-04-30,,,5.33,2.70436687,2.34296136,5.3300018310546875,4.760002136230469,5.244999885559082,4.7230000495910645,4.685999870300293,-0.08500011444091804,-0.5590000152587891,1.0,,,,,0.0,0.0,,,
2024-05-31,,,5.33,2.93566763,2.45150113,5.3300018310546875,4.620002746582031,5.244999885559082,4.5279998779296875,4.513999938964844,-0.08500011444091804,-0.7309999465942383,1.0,,,,,0.0,0.0,,,
2024-06-30,,,5.33,2.7258402,2.36706367,5.332496643066406,4.375,5.2129998207092285,4.328999996185303,4.3429999351501465,-0.11700017929077156,-0.869999885559082,1.0,,,,,0.0,0.0,,,
2024-07-31,,,5.33,2.55564431,2.36818604,5.3300018310546875,3.964996337890625,5.135000228881836,4.0,4.109000205993652,-0.19499977111816413,-1.0260000228881836,1.0,,,,,0.0,0.0,,,
2024-08-31,,,5.33,2.3470594,2.16406862,5.3300018310546875,3.5400009155273438,4.9679999351501465,3.7149999141693115,3.9110000133514404,-0.3620000648498536,-1.056999921798706,1.0,,,,,0.0,0.0,,,
2024-09-30,,,4.83,2.23612091,2.12450669,5.129997253417969,3.285003662109375,4.498000144958496,3.5769999027252197,3.802000045776367,-0.331999855041504,-0.6960000991821289,1.0,,,,,0.0,-0.5,,,
2024-10-31,,,4.83,2.25612841,2.11629084,4.8300018310546875,3.8899993896484375,4.432000160217285,4.15500020980835,4.283999919891357,-0.3979998397827149,-0.14800024032592773,1.0,,,,,0.0,0.0,,,
2024-11-30,,,4.58,2.4316758,2.3321638,4.6399993896484375,4.089996337890625,4.373000144958496,4.054999828338623,4.177999973297119,-0.20699985504150398,-0.19500017166137695,1.0,,,,,0.0,0.0,,,
2024-12-31,,,4.33,2.65035634,2.32446872,4.474998474121094,4.095001220703125,4.208000183105469,4.380000114440918,4.572999954223633,-0.12199981689453132,0.36499977111816406,0.0,,,,,0.0,-0.25,,,
2025-01-31,3.6,3.75,4.33,2.62695841,2.4442605,4.3274993896484375,4.1699981689453125,4.188000202178955,4.363999843597412,4.568999767303467,-0.141999797821045,0.3809995651245117,0.0,-0.73,0.0,100.0,0.0,0.0,0.0,,-0.73,
2025-02-28,3.6,3.75,4.33,2.72766223,2.46766707,4.3300018310546875,4.1699981689453125,4.192999839782715,4.0279998779296875,4.230999946594238,-0.13700016021728523,0.03800010681152344,0.0,-0.73,0.0,100.0,0.0,0.0,0.0,,-0.73,
2025-03-31,3.6,3.75,4.33,2.18385272,2.29565598,4.332496643066406,4.224998474121094,4.192999839782715,3.9830000400543213,4.245999813079834,-0.13700016021728523,0.05299997329711914,0.0,-0.73,0.0,100.0,0.0,0.0,0.0,,-0.73,
2025-04-30,3.6,3.75,4.33,2.88718559,2.35127536,4.3300018310546875,4.25,4.190000057220459,3.752000093460083,4.177000045776367,-0.1399999427795411,-0.013000011444091797,1.0,-0.73,0.0,100.0,0.0,0.0,0.0,,-0.73,
2025-05-31,3.6,3.75,4.33,2.69133727,2.30900499,4.3300018310546875,4.3274993896484375,4.23199987411499,3.9790000915527344,4.415999889373779,-0.09800012588500984,0.18400001525878906,0.0,-0.73,0.0,100.0,0.0,0.0,0.0,,-0.73,
2025-06-30,3.6,3.75,4.33,2.38054202,2.34697544,4.3300018310546875,4.3300018310546875,4.190000057220459,3.7950000762939453,4.230000019073486,-0.1399999427795411,0.039999961853027344,0.0,-0.73,0.0,100.0,0.0,0.0,0.0,,-0.73,
2025-07-31,3.6,3.75,4.33,2.78904728,2.33880069,4.3300018310546875,4.3300018310546875,4.235000133514404,3.9600000381469727,4.360000133514404,-0.09499986648559577,0.125,0.0,-0.73,0.0,100.0,0.0,0.0,0.0,,-0.73,
2025-08-31,3.6,3.75,4.33,2.68936045,2.27835771,4.3300018310546875,4.3300018310546875,4.043000221252441,3.6989998817443848,4.2270002365112305,-0.28699977874755866,0.18400001525878906,0.0,-0.73,0.0,100.0,0.0,0.0,0.0,,-0.73,
2025-09-30,3.6,3.75,4.09,2.80359931,2.29884242,4.224998474121094,4.3300018310546875,3.8450000286102295,3.7320001125335693,4.1479997634887695,-0.24499997138977037,0.30299973487854004,0.0,-0.73,0.0,100.0,0.0,0.0,-0.2400000000000002,,-0.73,
2025-10-31,3.6,3.75,3.86,2.72759763,2.29642109,4.087501525878906,4.3300018310546875,3.7179999351501465,3.7170000076293945,4.10099983215332,-0.1420000648498534,0.38299989700317383,0.0,-0.73,0.0,100.0,0.0,-0.25000000000000044,-0.23999999999999977,,-0.73,
2025-11-30,3.6,3.75,3.89,2.70387514,2.30712971,3.87750244140625,4.3300018310546875,3.697000026702881,3.5999999046325684,4.017000198364258,-0.19299997329711926,0.32000017166137695,0.0,-0.73,0.0,100.0,0.0,0.010000000000000231,0.020000000000000018,,-0.73,
2025-12-31,3.6,3.75,3.64,3.19286884,2.347133,3.722503662109375,4.3300018310546875,3.546999931335449,3.7219998836517334,4.163000106811523,-0.0930000686645509,0.6160001754760742,0.0,-0.73,0.0,100.0,0.0,0.0,-0.25,,-0.73,
2026-01-31,3.4,3.25,3.64,2.58639537,2.33188071,3.6399993896484375,4.3300018310546875,3.572000026702881,3.796999931335449,4.241000175476074,-0.06799997329711926,0.6690001487731934,0.0,-0.2400000000000002,0.0,96.00000000000009,3.9999999999999147,0.0,0.0,,-0.2400000000000002,
2026-02-28,3.4,3.25,3.64,2.58792798,2.36161817,3.6399993896484375,4.3300018310546875,3.5880000591278076,3.61899995803833,4.047999858856201,-0.05199994087219251,0.45999979972839355,0.0,-0.2400000000000002,0.0,96.00000000000009,3.9999999999999147,0.0,0.0,,-0.2400000000000002,
