date,fear_indicators_recession,fear_indicators_market crash,fear_indicators_layoffs,fear_indicators_unemployment,fear_indicators_depression,inflation_indicators_inflation,inflation_indicators_prices rising,inflation_indicators_cost of living,inflation_indicators_gas prices,inflation_indicators_grocery prices,fed_indicators_federal reserve,fed_indicators_interest rates,fed_indicators_fed rate hike,fed_indicators_fed rate cut,fed_indicators_fomc,job_indicators_jobs,job_indicators_hiring,job_indicators_job openings,job_indicators_job market,job_indicators_find a job,housing_indicators_housing market,housing_indicators_mortgage rates,housing_indicators_home prices,housing_indicators_housing crash,housing_indicators_buy a house,desperation_indicators_sell my car,desperation_indicators_pawn shop,desperation_indicators_payday loan,desperation_indicators_food stamps,desperation_indicators_bankruptcy,optimism_indicators_invest in stocks,optimism_indicators_buy stocks,optimism_indicators_stock market,optimism_indicators_retirement,optimism_indicators_401k,fed_chair_searches,fear_indicators_index,inflation_indicators_index,fed_indicators_index,job_indicators_index,housing_indicators_index,desperation_indicators_index,optimism_indicators_index,fear_optimism_ratio,desperation_zscore,fed_attention_zscore,fed_chair_zscore,fed_chair_spike,fear_indicators_recession_wow_change,fear_indicators_recession_4w_change,inflation_indicators_inflation_wow_change,inflation_indicators_inflation_4w_change,fed_indicators_interest_rates_wow_change,fed_indicators_interest_rates_4w_change,job_indicators_jobs_wow_change,job_indicators_jobs_4w_change,recession_search_spike
2003-12-28,,,,,,,,,,,,,,,,,,,,,,,,,,,,,,,,,,,,0.0,,,,,,,,,,,,0,,,,,,,,,0
2004-01-01,0.0,0.0,0.0,5.0,6.0,9.0,0.0,16.0,4.0,0.0,37.0,39.0,0.0,0.0,1.0,59.0,1.0,1.0,0.0,0.0,2.0,28.0,7.0,0.0,3.0,1.0,4.0,2.0,7.0,62.0,0.0,1.0,12.0,27.0,11.0,,2.2,5.8,15.4,12.2,8.0,15.2,10.2,0.21568627450980396,,,,0,,,,,,,,,0
2004-01-04,,,,,,,,,,,,,,,,,,,,,,,,,,,,,,,,,,,,15.0,,,,,,,,,,,,0,,,,,,,,,0
2004-01-11,,,,,,,,,,,,,,,,,,,,,,,,,,,,,,,,,,,,30.0,,,,,,,,,,,,0,,,,,,,,,0
2004-01-18,,,,,,,,,,,,,,,,,,,,,,,,,,,,,,,,,,,,13.0,,,,,,,,,,,,0,,,,,,,,,0
2004-01-25,,,,,,,,,,,,,,,,,,,,,,,,,,,,,,,,,,,,31.0,,,,,,,,,,,,0,,,,,,,,,0
2004-02-01,0.0,0.0,0.0,5.0,7.0,10.0,0.0,15.0,5.0,0.0,37.0,35.0,0.0,0.0,1.0,54.0,1.0,1.0,0.0,0.0,2.0,22.0,6.0,0.0,3.0,1.0,4.0,2.0,5.0,60.0,0.0,1.0,12.0,25.0,8.0,34.0,2.4,6.0,14.6,11.2,6.6,14.4,9.2,0.2608695652173913,,,,0,,,,,,,,,0
2004-02-08,,,,,,,,,,,,,,,,,,,,,,,,,,,,,,,,,,,,65.0,,,,,,,,,,,,0,,,,,,,,,0
2004-02-15,,,,,,,,,,,,,,,,,,,,,,,,,,,,,,,,,,,,42.0,,,,,,,,,,,,0,,,,,,,,,0
2004-02-22,,,,,,,,,,,,,,,,,,,,,,,,,,,,,,,,,,,,91.0,,,,,,,,,,,,0,,,,,,,,,0
2004-02-29,,,,,,,,,,,,,,,,,,,,,,,,,,,,,,,,,,,,56.0,,,,,,,,,,,,0,,,,,,,,,0
2004-03-01,0.0,0.0,0.0,4.0,7.0,10.0,0.0,16.0,10.0,0.0,38.0,44.0,0.0,0.0,1.0,55.0,1.0,1.0,0.0,0.0,2.0,33.0,7.0,0.0,4.0,1.0,3.0,2.0,6.0,61.0,0.0,1.0,12.0,21.0,8.0,,2.2,7.2,16.6,11.4,9.2,14.6,8.4,0.2619047619047619,,,,0,,,,,,,,,0
2004-03-07,,,,,,,,,,,,,,,,,,,,,,,,,,,,,,,,,,,,54.0,,,,,,,,,,,,0,,,,,,,,,0
2004-03-14,,,,,,,,,,,,,,,,,,,,,,,,,,,,,,,,,,,,38.0,,,,,,,,,,,,0,,,,,,,,,0
2004-03-21,,,,,,,,,,,,,,,,,,,,,,,,,,,,,,,,,,,,0.0,,,,,,,,,,,,0,,,,,,,,,0
2004-03-28,,,,,,,,,,,,,,,,,,,,,,,,,,,,,,,,,,,,39.0,,,,,,,,,,,,0,,,,,,,,,0
2004-04-01,0.0,0.0,0.0,4.0,7.0,11.0,1.0,14.0,10.0,0.0,40.0,50.0,0.0,0.0,1.0,54.0,1.0,1.0,0.0,0.0,2.0,30.0,7.0,0.0,3.0,1.0,3.0,2.0,6.0,56.0,0.0,1.0,11.0,24.0,8.0,,2.2,7.2,18.2,11.2,8.4,13.6,8.8,0.25,,,,0,,,,,,,,,0
2004-04-04,,,,,,,,,,,,,,,,,,,,,,,,,,,,,,,,,,,,23.0,,,,,,,,,,,,0,,,,,,,,,0
2004-04-11,,,,,,,,,,,,,,,,,,,,,,,,,,,,,,,,,,,,40.0,,,,,,,,,,,,0,,,,,,,,,0
2004-04-18,,,,,,,,,,,,,,,,,,,,,,,,,,,,,,,,,,,,60.0,,,,,,,,,,,,0,,,,,,,,,0
2004-04-25,,,,,,,,,,,,,,,,,,,,,,,,,,,,,,,,,,,,46.0,,,,,,,,,,,,0,,,,,,,,,0
2004-05-01,0.0,0.0,0.0,4.0,6.0,11.0,1.0,15.0,25.0,0.0,34.0,48.0,0.0,0.0,2.0,56.0,1.0,1.0,0.0,0.0,2.0,25.0,8.0,0.0,3.0,1.0,4.0,3.0,5.0,52.0,0.0,1.0,9.0,22.0,6.0,,2.0,10.4,16.8,11.6,7.6,13.0,7.6,0.2631578947368421,,,,0,,,,,,,,,0
2004-05-02,,,,,,,,,,,,,,,,,,,,,,,,,,,,,,,,,,,,47.0,,,,,,,,,,,,0,,,,,,,,,0
2004-05-09,,,,,,,,,,,,,,,,,,,,,,,,,,,,,,,,,,,,30.0,,,,,,,,,,,,0,,,,,,,,,0
2004-05-16,,,,,,,,,,,,,,,,,,,,,,,,,,,,,,,,,,,,49.0,,,,,,,,,,,,0,,,,,,,,,0
2004-05-23,,,,,,,,,,,,,,,,,,,,,,,,,,,,,,,,,,,,28.0,,,,,,,,,,,,0,,,,,,,,,0
2004-05-30,,,,,,,,,,,,,,,,,,,,,,,,,,,,,,,,,,,,16.0,,,,,,,,,,,,0,,,,,,,,,0
2004-06-01,0.0,0.0,0.0,4.0,4.0,9.0,0.0,16.0,12.0,0.0,44.0,47.0,0.0,0.0,3.0,60.0,1.0,1.0,0.0,0.0,2.0,22.0,7.0,0.0,3.0,1.0,3.0,3.0,7.0,60.0,0.0,1.0,8.0,25.0,8.0,,1.6,7.4,18.8,12.4,6.8,14.8,8.4,0.19047619047619047,,,,0,,,,,,,,,0
2004-06-06,,,,,,,,,,,,,,,,,,,,,,,,,,,,,,,,,,,,37.0,,,,,,,,,,,,0,,,,,,,,,0
2004-06-13,,,,,,,,,,,,,,,,,,,,,,,,,,,,,,,,,,,,40.0,,,,,,,,,,,,0,,,,,,,,,0
2004-06-20,,,,,,,,,,,,,,,,,,,,,,,,,,,,,,,,,,,,31.0,,,,,,,,,,,,0,,,,,,,,,0
2004-06-27,,,,,,,,,,,,,,,,,,,,,,,,,,,,,,,,,,,,42.0,,,,,,,,,,,,0,,,,,,,,,0
2004-07-01,0.0,0.0,0.0,4.0,4.0,8.0,0.0,18.0,6.0,0.0,33.0,40.0,0.0,0.0,1.0,60.0,1.0,1.0,0.0,0.0,2.0,21.0,7.0,0.0,3.0,1.0,4.0,3.0,7.0,63.0,0.0,1.0,7.0,26.0,8.0,,1.6,6.4,14.8,12.4,6.6,15.6,8.4,0.19047619047619047,,,,0,,,,,,,,,0
2004-07-04,,,,,,,,,,,,,,,,,,,,,,,,,,,,,,,,,,,,26.0,,,,,,,,,,,,0,,,,,,,,,0
2004-07-11,,,,,,,,,,,,,,,,,,,,,,,,,,,,,,,,,,,,20.0,,,,,,,,,,,,0,,,,,,,,,0
2004-07-18,,,,,,,,,,,,,,,,,,,,,,,,,,,,,,,,,,,,34.0,,,,,,,,,,,,0,,,,,,,,,0
2004-07-25,,,,,,,,,,,,,,,,,,,,,,,,,,,,,,,,,,,,20.0,,,,,,,,,,,,0,,,,,,,,,0
2004-08-01,0.0,0.0,0.0,4.0,4.0,7.0,0.0,15.0,5.0,0.0,33.0,35.0,0.0,0.0,2.0,58.0,1.0,1.0,0.0,0.0,2.0,18.0,7.0,0.0,3.0,1.0,4.0,3.0,7.0,63.0,0.0,1.0,8.0,23.0,8.0,11.0,1.6,5.4,14.0,12.0,6.0,15.6,8.0,0.2,,,,0,,,,,,,,,0
2004-08-08,,,,,,,,,,,,,,,,,,,,,,,,,,,,,,,,,,,,18.0,,,,,,,,,,,,0,,,,,,,,,0
2004-08-15,,,,,,,,,,,,,,,,,,,,,,,,,,,,,,,,,,,,23.0,,,,,,,,,,,,0,,,,,,,,,0
2004-08-22,,,,,,,,,,,,,,,,,,,,,,,,,,,,,,,,,,,,27.0,,,,,,,,,,,,0,,,,,,,,,0
2004-08-29,,,,,,,,,,,,,,,,,,,,,,,,,,,,,,,,,,,,30.0,,,,,,,,,,,,0,,,,,,,,,0
2004-09-01,0.0,0.0,0.0,4.0,5.0,9.0,0.0,14.0,5.0,0.0,34.0,32.0,0.0,0.0,2.0,52.0,1.0,1.0,0.0,0.0,2.0,17.0,6.0,0.0,3.0,1.0,4.0,3.0,7.0,59.0,0.0,1.0,8.0,22.0,8.0,,1.8,5.6,13.6,10.8,5.6,14.8,7.8,0.23076923076923078,,,,0,,,,,,,,,0
2004-09-05,,,,,,,,,,,,,,,,,,,,,,,,,,,,,,,,,,,,37.0,,,,,,,,,,,,0,,,,,,,,,0
2004-09-12,,,,,,,,,,,,,,,,,,,,,,,,,,,,,,,,,,,,22.0,,,,,,,,,,,,0,,,,,,,,,0
2004-09-19,,,,,,,,,,,,,,,,,,,,,,,,,,,,,,,,,,,,28.0,,,,,,,,,,,,0,,,,,,,,,0
2004-09-26,,,,,,,,,,,,,,,,,,,,,,,,,,,,,,,,,,,,31.0,,,,,,,,,,,,0,,,,,,,,,0
2004-10-01,0.0,0.0,0.0,4.0,6.0,9.0,0.0,13.0,9.0,0.0,33.0,28.0,0.0,0.0,1.0,49.0,1.0,1.0,0.0,0.0,2.0,15.0,5.0,0.0,3.0,1.0,3.0,2.0,7.0,55.0,0.0,1.0,10.0,21.0,8.0,,2.0,6.2,12.4,10.2,5.0,13.6,8.0,0.25,,,,0,,,,,,,,,0
2004-10-03,,,,,,,,,,,,,,,,,,,,,,,,,,,,,,,,,,,,33.0,,,,,,,,,,,,0,,,,,,,,,0
2004-10-10,,,,,,,,,,,,,,,,,,,,,,,,,,,,,,,,,,,,35.0,,,,,,,,,,,,0,,,,,,,,,0
2004-10-17,,,,,,,,,,,,,,,,,,,,,,,,,,,,,,,,,,,,36.0,,,,,,,,,,,,0,,,,,,,,,0
2004-10-24,,,,,,,,,,,,,,,,,,,,,,,,,,,,,,,,,,,,26.0,,,,,,,,,,,,0,,,,,,,,,0
2004-10-31,,,,,,,,,,,,,,,,,,,,,,,,,,,,,,,,,,,,43.0,,,,,,,,,,,,0,,,,,,,,,0
2004-11-01,0.0,0.0,0.0,4.0,6.0,11.0,0.0,14.0,7.0,0.0,36.0,34.0,0.0,0.0,2.0,47.0,1.0,1.0,0.0,0.0,2.0,15.0,5.0,0.0,2.0,1.0,3.0,3.0,7.0,57.0,0.0,1.0,11.0,21.0,9.0,,2.0,6.4,14.4,9.8,4.8,14.2,8.4,0.23809523809523808,,,,0,,,,,,,,,0
2004-11-07,,,,,,,,,,,,,,,,,,,,,,,,,,,,,,,,,,,,18.0,,,,,,,,,,,,0,,,,,,,,,0
2004-11-14,,,,,,,,,,,,,,,,,,,,,,,,,,,,,,,,,,,,39.0,,,,,,,,,,,,0,,,,,,,,,0
2004-11-21,,,,,,,,,,,,,,,,,,,,,,,,,,,,,,,,,,,,29.0,,,,,,,,,,,,0,,,,,,,,,0
2004-11-28,,,,,,,,,,,,,,,,,,,,,,,,,,,,,,,,,,,,35.0,,,,,,,,,,,,0,,,,,,,,,0
2004-12-01,0.0,0.0,0.0,4.0,5.0,9.0,0.0,13.0,5.0,0.0,35.0,27.0,0.0,0.0,2.0,44.0,1.0,1.0,0.0,0.0,2.0,13.0,5.0,0.0,2.0,1.0,4.0,3.0,6.0,52.0,0.0,1.0,10.0,22.0,10.0,,1.8,5.4,12.8,9.2,4.4,13.2,8.6,0.20930232558139536,,,,0,,,,,,,,,0
2004-12-05,,,,,,,,,,,,,,,,,,,,,,,,,,,,,,,,,,,,35.0,,,,,,,,,,,,0,,,,,,,,,0
2004-12-12,,,,,,,,,,,,,,,,,,,,,,,,,,,,,,,,,,,,34.0,,,,,,,,,,,,0,,,,,,,,,0
2004-12-19,,,,,,,,,,,,,,,,,,,,,,,,,,,,,,,,,,,,15.0,,,,,,,,,,,,0,,,,,,,,,0
2004-12-26,,,,,,,,,,,,,,,,,,,,,,,,,,,,,,,,,,,,17.0,,,,,,,,,,,,0,,,,,,,,,0
2005-01-01,0.0,0.0,0.0,4.0,5.0,9.0,0.0,15.0,4.0,0.0,31.0,32.0,0.0,0.0,2.0,55.0,1.0,1.0,0.0,0.0,2.0,16.0,6.0,0.0,3.0,1.0,4.0,2.0,7.0,61.0,0.0,1.0,9.0,26.0,10.0,,1.8,5.6,13.0,11.4,5.4,15.0,9.2,0.1956521739130435,,,,0,,,,,,,,,0
2005-01-02,,,,,,,,,,,,,,,,,,,,,,,,,,,,,,,,,,,,22.0,,,,,,,,,,,,0,,,,,,,,,0
2005-01-09,,,,,,,,,,,,,,,,,,,,,,,,,,,,,,,,,,,,16.0,,,,,,,,,,,,0,,,,,,,,,0
2005-01-16,,,,,,,,,,,,,,,,,,,,,,,,,,,,,,,,,,,,17.0,,,,,,,,,,,,0,,,,,,,,,0
2005-01-23,,,,,,,,,,,,,,,,,,,,,,,,,,,,,,,,,,,,13.0,,,,,,,,,,,,0,,,,,,,,,0
2005-01-30,,,,,,,,,,,,,,,,,,,,,,,,,,,,,,,,,,,,27.0,,,,,,,,,,,,0,,,,,,,,,0
2005-02-01,0.0,0.0,0.0,4.0,6.0,10.0,0.0,16.0,5.0,0.0,35.0,36.0,0.0,0.0,2.0,50.0,1.0,1.0,0.0,0.0,3.0,18.0,6.0,0.0,3.0,1.0,4.0,2.0,6.0,63.0,0.0,1.0,10.0,26.0,9.0,,2.0,6.2,14.6,10.4,6.0,15.2,9.2,0.2173913043478261,,,,0,,,,,,,,,0
2005-02-06,,,,,,,,,,,,,,,,,,,,,,,,,,,,,,,,,,,,22.0,,,,,,,,,,,,0,,,,,,,,,0
2005-02-13,,,,,,,,,,,,,,,,,,,,,,,,,,,,,,,,,,,,51.0,,,,,,,,,,,,0,,,,,,,,,0
2005-02-20,,,,,,,,,,,,,,,,,,,,,,,,,,,,,,,,,,,,32.0,,,,,,,,,,,,0,,,,,,,,,0
2005-02-27,,,,,,,,,,,,,,,,,,,,,,,,,,,,,,,,,,,,48.0,,,,,,,,,,,,0,,,,,,,,,0
2005-03-01,0.0,0.0,0.0,4.0,6.0,10.0,1.0,14.0,16.0,0.0,34.0,39.0,0.0,0.0,2.0,53.0,1.0,1.0,0.0,0.0,3.0,19.0,6.0,0.0,3.0,1.0,4.0,3.0,6.0,81.0,0.0,1.0,11.0,27.0,9.0,,2.0,8.2,15.0,11.0,6.2,19.0,9.6,0.20833333333333334,,,,0,,,,,,,,,0
2005-03-06,,,,,,,,,,,,,,,,,,,,,,,,,,,,,,,,,,,,35.0,,,,,,,,,,,,0,,,,,,,,,0
2005-03-13,,,,,,,,,,,,,,,,,,,,,,,,,,,,,,,,,,,,37.0,,,,,,,,,,,,0,,,,,,,,,0
2005-03-20,,,,,,,,,,,,,,,,,,,,,,,,,,,,,,,,,,,,32.0,,,,,,,,,,,,0,,,,,,,,,0
2005-03-27,,,,,,,,,,,,,,,,,,,,,,,,,,,,,,,,,,,,28.0,,,,,,,,,,,,0,,,,,,,,,0
2005-04-01,0.0,0.0,0.0,4.0,7.0,11.0,1.0,14.0,18.0,0.0,35.0,38.0,0.0,0.0,2.0,51.0,1.0,1.0,0.0,0.0,3.0,18.0,6.0,0.0,3.0,1.0,4.0,3.0,6.0,79.0,0.0,1.0,10.0,24.0,8.0,,2.2,8.8,15.0,10.6,6.0,18.6,8.6,0.2558139534883721,,,,0,,,,,,,,,0
2005-04-03,,,,,,,,,,,,,,,,,,,,,,,,,,,,,,,,,,,,30.0,,,,,,,,,,,,0,,,,,,,,,0
2005-04-10,,,,,,,,,,,,,,,,,,,,,,,,,,,,,,,,,,,,24.0,,,,,,,,,,,,0,,,,,,,,,0
2005-04-17,,,,,,,,,,,,,,,,,,,,,,,,,,,,,,,,,,,,33.0,,,,,,,,,,,,0,,,,,,,,,0
2005-04-24,,,,,,,,,,,,,,,,,,,,,,,,,,,,,,,,,,,,27.0,,,,,,,,,,,,0,,,,,,,,,0
2005-05-01,0.0,0.0,0.0,4.0,6.0,9.0,0.0,14.0,10.0,0.0,31.0,35.0,0.0,0.0,2.0,53.0,1.0,1.0,0.0,0.0,3.0,17.0,7.0,1.0,3.0,1.0,4.0,3.0,6.0,66.0,0.0,1.0,9.0,24.0,8.0,32.0,2.0,6.6,13.6,11.0,6.2,16.0,8.4,0.23809523809523808,,,,0,,,,,,,,,0
2005-05-08,,,,,,,,,,,,,,,,,,,,,,,,,,,,,,,,,,,,28.0,,,,,,,,,,,,0,,,,,,,,,0
2005-05-15,,,,,,,,,,,,,,,,,,,,,,,,,,,,,,,,,,,,25.0,,,,,,,,,,,,0,,,,,,,,,0
2005-05-22,,,,,,,,,,,,,,,,,,,,,,,,,,,,,,,,,,,,27.0,,,,,,,,,,,,0,,,,,,,,,0
2005-05-29,,,,,,,,,,,,,,,,,,,,,,,,,,,,,,,,,,,,20.0,,,,,,,,,,,,0,,,,,,,,,0
2005-06-01,0.0,0.0,0.0,4.0,4.0,8.0,0.0,15.0,9.0,0.0,31.0,39.0,0.0,0.0,2.0,55.0,1.0,1.0,0.0,0.0,4.0,21.0,7.0,1.0,2.0,1.0,4.0,4.0,6.0,65.0,0.0,1.0,7.0,25.0,9.0,,1.6,6.4,14.4,11.4,7.0,16.0,8.4,0.19047619047619047,,,,0,,,,,,,,,0
2005-06-05,,,,,,,,,,,,,,,,,,,,,,,,,,,,,,,,,,,,33.0,,,,,,,,,,,,0,,,,,,,,,0
2005-06-12,,,,,,,,,,,,,,,,,,,,,,,,,,,,,,,,,,,,19.0,,,,,,,,,,,,0,,,,,,,,,0
2005-06-19,,,,,,,,,,,,,,,,,,,,,,,,,,,,,,,,,,,,20.0,,,,,,,,,,,,0,,,,,,,,,0
2005-06-26,,,,,,,,,,,,,,,,,,,,,,,,,,,,,,,,,,,,23.0,,,,,,,,,,,,0,,,,,,,,,0
2005-07-01,0.0,0.0,0.0,4.0,4.0,7.0,0.0,14.0,12.0,0.0,25.0,35.0,0.0,0.0,1.0,53.0,1.0,1.0,0.0,0.0,3.0,19.0,7.0,0.0,3.0,1.0,4.0,3.0,7.0,61.0,0.0,1.0,8.0,24.0,9.0,,1.6,6.6,12.2,11.0,6.4,15.2,8.4,0.19047619047619047,,,,0,,,,,,,,,0
2005-07-03,,,,,,,,,,,,,,,,,,,,,,,,,,,,,,,,,,,,14.0,,,,,,,,,,,,0,,,,,,,,,0
2005-07-10,,,,,,,,,,,,,,,,,,,,,,,,,,,,,,,,,,,,12.0,,,,,,,,,,,,0,,,,,,,,,0
2005-07-17,,,,,,,,,,,,,,,,,,,,,,,,,,,,,,,,,,,,37.0,,,,,,,,,,,,0,,,,,,,,,0
2005-07-24,,,,,,,,,,,,,,,,,,,,,,,,,,,,,,,,,,,,32.0,,,,,,,,,,,,0,,,,,,,,,0
2005-07-31,,,,,,,,,,,,,,,,,,,,,,,,,,,,,,,,,,,,25.0,,,,,,,,,,,,0,,,,,,,,,0
2005-08-01,0.0,0.0,0.0,4.0,4.0,7.0,1.0,13.0,63.0,0.0,29.0,35.0,0.0,0.0,2.0,53.0,1.0,1.0,0.0,0.0,4.0,19.0,7.0,1.0,3.0,1.0,4.0,4.0,8.0,71.0,0.0,1.0,7.0,23.0,8.0,,1.6,16.8,13.2,11.0,6.8,17.6,7.8,0.20512820512820515,,,,0,,,,,,,,,0
2005-08-07,,,,,,,,,,,,,,,,,,,,,,,,,,,,,,,,,,,,30.0,,,,,,,,,,,,0,,,,,,,,,0
2005-08-14,,,,,,,,,,,,,,,,,,,,,,,,,,,,,,,,,,,,20.0,,,,,,,,,,,,0,,,,,,,,,0
2005-08-21,,,,,,,,,,,,,,,,,,,,,,,,,,,,,,,,,,,,35.0,,,,,,,,,,,,0,,,,,,,,,0
2005-08-28,,,,,,,,,,,,,,,,,,,,,,,,,,,,,,,,,,,,37.0,,,,,,,,,,,,0,,,,,,,,,0
2005-09-01,0.0,0.0,0.0,4.0,4.0,9.0,1.0,12.0,100.0,0.0,30.0,34.0,0.0,0.0,2.0,53.0,1.0,1.0,0.0,0.0,3.0,17.0,7.0,0.0,2.0,1.0,4.0,3.0,14.0,78.0,0.0,1.0,7.0,21.0,8.0,,1.6,24.4,13.2,11.0,5.8,20.0,7.4,0.21621621621621623,,,,0,,,,,,,,,0
2005-09-04,,,,,,,,,,,,,,,,,,,,,,,,,,,,,,,,,,,,26.0,,,,,,,,,,,,0,,,,,,,,,0
2005-09-11,,,,,,,,,,,,,,,,,,,,,,,,,,,,,,,,,,,,38.0,,,,,,,,,,,,0,,,,,,,,,0
2005-09-18,,,,,,,,,,,,,,,,,,,,,,,,,,,,,,,,,,,,34.0,,,,,,,,,,,,0,,,,,,,,,0
2005-09-25,,,,,,,,,,,,,,,,,,,,,,,,,,,,,,,,,,,,39.0,,,,,,,,,,,,0,,,,,,,,,0
2005-10-01,0.0,0.0,0.0,4.0,6.0,10.0,1.0,12.0,21.0,0.0,33.0,32.0,0.0,0.0,2.0,48.0,1.0,1.0,0.0,0.0,3.0,15.0,6.0,0.0,2.0,1.0,4.0,3.0,10.0,87.0,0.0,1.0,9.0,21.0,9.0,,2.0,8.8,13.4,10.0,5.2,21.0,8.0,0.25,,,,0,,,,,,,,,0
2005-10-02,,,,,,,,,,,,,,,,,,,,,,,,,,,,,,,,,,,,38.0,,,,,,,,,,,,0,,,,,,,,,0
2005-10-09,,,,,,,,,,,,,,,,,,,,,,,,,,,,,,,,,,,,31.0,,,,,,,,,,,,0,,,,,,,,,0
2005-10-16,,,,,,,,,,,,,,,,,,,,,,,,,,,,,,,,,,,,41.0,,,,,,,,,,,,0,,,,,,,,,0
2005-10-23,,,,,,,,,,,,,,,,,,,,,,,,,,,,,,,,,,,,100.0,,,,,,,,,,,,0,,,,,,,,,0
2005-10-30,,,,,,,,,,,,,,,,,,,,,,,,,,,,,,,,,,,,58.0,,,,,,,,,,,,0,,,,,,,,,0
2005-11-01,0.0,0.0,0.0,4.0,6.0,9.0,0.0,11.0,14.0,0.0,34.0,31.0,0.0,0.0,2.0,44.0,1.0,1.0,0.0,0.0,3.0,13.0,5.0,0.0,2.0,1.0,4.0,3.0,10.0,55.0,0.0,1.0,8.0,21.0,9.0,,2.0,6.8,13.4,9.2,4.6,14.6,7.8,0.25641025641025644,,,,0,,,,,,,,,0
2005-11-06,,,,,,,,,,,,,,,,,,,,,,,,,,,,,,,,,,,,35.0,,,,,,,,,,,,0,,,,,,,,,0
2005-11-13,,,,,,,,,,,,,,,,,,,,,,,,,,,,,,,,,,,,33.0,,,,,,,,,,,,0,,,,,,,,,0
2005-11-20,,,,,,,,,,,,,,,,,,,,,,,,,,,,,,,,,,,,21.0,,,,,,,,,,,,0,,,,,,,,,0
2005-11-27,,,,,,,,,,,,,,,,,,,,,,,,,,,,,,,,,,,,33.0,,,,,,,,,,,,0,,,,,,,,,0
2005-12-01,0.0,0.0,0.0,4.0,5.0,8.0,0.0,12.0,9.0,0.0,28.0,27.0,0.0,0.0,3.0,41.0,1.0,1.0,0.0,0.0,3.0,11.0,5.0,0.0,2.0,1.0,5.0,4.0,6.0,48.0,0.0,1.0,8.0,20.0,10.0,,1.8,5.8,11.6,8.6,4.2,12.8,7.8,0.23076923076923078,,,,0,,,,,,,,,0
2005-12-04,,,,,,,,,,,,,,,,,,,,,,,,,,,,,,,,,,,,23.0,,,,,,,,,,,,0,,,,,,,,,0
2005-12-11,,,,,,,,,,,,,,,,,,,,,,,,,,,,,,,,,,,,25.0,,,,,,,,,,,,0,,,,,,,,,0
2005-12-18,,,,,,,,,,,,,,,,,,,,,,,,,,,,,,,,,,,,16.0,,,,,,,,,,,,0,,,,,,,,,0
2005-12-25,,,,,,,,,,,,,,,,,,,,,,,,,,,,,,,,,,,,12.0,,,,,,,,,,,,0,,,,,,,,,0
2006-01-01,0.0,0.0,0.0,4.0,6.0,8.0,0.0,12.0,8.0,0.0,29.0,30.0,0.0,0.0,2.0,53.0,1.0,1.0,0.0,0.0,3.0,14.0,6.0,0.0,3.0,1.0,4.0,3.0,7.0,53.0,0.0,1.0,11.0,25.0,13.0,20.0,2.0,5.6,12.2,11.0,5.2,13.6,10.0,0.2,,,,0,,,,,,,,,0
2006-01-08,,,,,,,,,,,,,,,,,,,,,,,,,,,,,,,,,,,,16.0,,,,,,,,,,,,0,,,,,,,,,0
2006-01-15,,,,,,,,,,,,,,,,,,,,,,,,,,,,,,,,,,,,24.0,,,,,,,,,,,,0,,,,,,,,,0
2006-01-22,,,,,,,,,,,,,,,,,,,,,,,,,,,,,,,,,,,,27.0,,,,,,,,,,,,0,,,,,,,,,0
2006-01-29,,,,,,,,,,,,,,,,,,,,,,,,,,,,,,,,,,,,100.0,,,,,,,,,,,,0,,,,,,,,,0
2006-02-01,0.0,0.0,0.0,4.0,6.0,9.0,0.0,12.0,8.0,0.0,32.0,31.0,0.0,0.0,2.0,46.0,1.0,1.0,0.0,0.0,3.0,14.0,6.0,0.0,3.0,1.0,4.0,3.0,7.0,49.0,0.0,1.0,10.0,23.0,10.0,57.0,2.0,5.8,13.0,9.6,5.2,12.8,8.8,0.22727272727272727,,,,0,,,,,,,,,0
2006-03-01,0.0,0.0,0.0,3.0,6.0,8.0,0.0,13.0,10.0,0.0,31.0,33.0,0.0,0.0,3.0,49.0,1.0,1.0,0.0,0.0,4.0,15.0,6.0,0.0,3.0,1.0,4.0,3.0,7.0,49.0,0.0,1.0,10.0,25.0,10.0,33.0,1.8,6.2,13.4,10.2,5.6,12.8,9.2,0.1956521739130435,,,,0,0.0,,-1.0,,2.0,,3.0,,0
2006-04-01,0.0,0.0,0.0,4.0,6.0,10.0,1.0,12.0,34.0,0.0,31.0,36.0,0.0,0.0,2.0,49.0,1.0,1.0,0.0,0.0,4.0,14.0,6.0,0.0,3.0,1.0,4.0,3.0,7.0,46.0,0.0,1.0,10.0,25.0,9.0,31.0,2.0,11.4,13.8,10.2,5.4,12.2,9.0,0.2222222222222222,,,,0,0.0,,2.0,,3.0,,0.0,,0
2006-05-01,0.0,0.0,0.0,4.0,5.0,9.0,1.0,11.0,23.0,0.0,29.0,34.0,0.0,0.0,3.0,50.0,1.0,1.0,0.0,0.0,4.0,14.0,6.0,0.0,3.0,1.0,4.0,4.0,7.0,45.0,0.0,1.0,10.0,24.0,8.0,32.0,1.8,8.8,13.2,10.4,5.4,12.2,8.6,0.20930232558139536,,,,0,0.0,,-1.0,,-2.0,,1.0,,0
2006-06-01,0.0,0.0,0.0,4.0,4.0,9.0,0.0,12.0,11.0,0.0,30.0,37.0,1.0,0.0,4.0,49.0,1.0,1.0,0.0,0.0,4.0,14.0,6.0,0.0,2.0,1.0,5.0,4.0,7.0,47.0,0.0,1.0,8.0,24.0,8.0,37.0,1.6,6.4,14.4,10.2,5.2,12.8,8.2,0.19512195121951223,,,,0,0.0,0.0,0.0,0.0,3.0,6.0,-1.0,3.0,0
2006-07-01,0.0,0.0,0.0,4.0,4.0,7.0,0.0,11.0,17.0,0.0,25.0,33.0,0.0,0.0,2.0,54.0,1.0,1.0,0.0,0.0,4.0,14.0,6.0,0.0,3.0,1.0,5.0,4.0,8.0,45.0,0.0,1.0,6.0,22.0,8.0,20.0,1.6,7.0,12.0,11.2,5.4,12.6,7.4,0.21621621621621623,,,,0,0.0,0.0,-2.0,-1.0,-4.0,0.0,5.0,5.0,0
2006-08-01,0.0,0.0,0.0,4.0,4.0,7.0,0.0,11.0,18.0,0.0,25.0,31.0,0.0,0.0,3.0,54.0,1.0,1.0,0.0,0.0,5.0,15.0,6.0,0.0,3.0,1.0,5.0,4.0,9.0,45.0,0.0,1.0,6.0,22.0,9.0,23.0,1.6,7.2,11.8,11.2,5.8,12.8,7.6,0.2105263157894737,,,,0,0.0,0.0,0.0,-3.0,-2.0,-5.0,0.0,5.0,0
2006-09-01,0.0,0.0,0.0,3.0,4.0,7.0,0.0,10.0,25.0,0.0,24.0,33.0,0.0,0.0,2.0,49.0,1.0,1.0,0.0,0.0,5.0,14.0,6.0,0.0,2.0,1.0,4.0,3.0,8.0,44.0,0.0,1.0,7.0,21.0,9.0,20.0,1.4,8.4,11.8,10.2,5.4,12.0,7.6,0.18421052631578946,,,,0,0.0,0.0,0.0,-2.0,2.0,-1.0,-5.0,-1.0,0
2006-10-01,0.0,0.0,0.0,4.0,5.0,8.0,0.0,11.0,14.0,0.0,26.0,29.0,0.0,0.0,2.0,48.0,1.0,1.0,0.0,0.0,5.0,14.0,6.0,0.0,2.0,1.0,4.0,4.0,8.0,46.0,0.0,1.0,10.0,22.0,11.0,26.0,1.8,6.6,11.4,10.0,5.4,12.6,8.8,0.20454545454545453,,,,0,0.0,0.0,1.0,-1.0,-4.0,-8.0,-1.0,-1.0,0
2006-11-01,0.0,0.0,0.0,4.0,5.0,8.0,0.0,9.0,8.0,0.0,25.0,25.0,0.0,0.0,1.0,42.0,1.0,1.0,0.0,0.0,4.0,12.0,5.0,0.0,2.0,1.0,4.0,3.0,8.0,41.0,0.0,1.0,9.0,20.0,10.0,21.0,1.8,5.0,10.2,8.8,4.6,11.4,8.0,0.225,,,,0,0.0,0.0,0.0,1.0,-4.0,-8.0,-6.0,-12.0,0
2006-12-01,0.0,0.0,0.0,4.0,4.0,7.0,0.0,9.0,6.0,0.0,23.0,24.0,0.0,0.0,2.0,40.0,1.0,1.0,0.0,0.0,3.0,12.0,4.0,0.0,2.0,1.0,5.0,4.0,7.0,38.0,0.0,1.0,9.0,21.0,12.0,19.0,1.6,4.4,9.8,8.4,4.2,11.0,8.6,0.186046511627907,,,,0,0.0,0.0,-1.0,0.0,-1.0,-7.0,-2.0,-14.0,0
2007-01-01,0.0,0.0,0.0,5.0,5.0,7.0,0.0,12.0,8.0,0.0,25.0,31.0,0.0,0.0,2.0,55.0,1.0,1.0,0.0,0.0,4.0,15.0,5.0,0.0,3.0,1.0,4.0,3.0,8.0,44.0,0.0,1.0,10.0,26.0,13.0,19.0,2.0,5.4,11.6,11.4,5.4,12.0,10.0,0.2,,,,0,0.0,0.0,0.0,0.0,7.0,-2.0,15.0,6.0,0
2007-02-01,0.0,0.0,0.0,4.0,5.0,7.0,0.0,12.0,6.0,0.0,23.0,29.0,0.0,0.0,1.0,49.0,1.0,1.0,0.0,0.0,4.0,15.0,5.0,0.0,2.0,1.0,4.0,3.0,7.0,42.0,0.0,1.0,12.0,23.0,11.0,27.0,1.8,5.0,10.6,10.2,5.2,11.4,9.4,0.19148936170212766,,,,0,0.0,0.0,0.0,-1.0,-2.0,0.0,-6.0,1.0,0
2007-03-01,0.0,0.0,0.0,4.0,5.0,7.0,0.0,12.0,10.0,0.0,28.0,32.0,0.0,0.0,2.0,47.0,1.0,1.0,0.0,0.0,5.0,17.0,5.0,0.0,3.0,1.0,5.0,3.0,7.0,44.0,0.0,1.0,13.0,23.0,10.0,26.0,1.8,5.8,12.4,9.8,6.0,12.0,9.4,0.19148936170212766,,,,0,0.0,0.0,0.0,-1.0,3.0,7.0,-2.0,5.0,0
2007-04-01,0.0,0.0,0.0,4.0,5.0,8.0,0.0,11.0,13.0,0.0,23.0,31.0,0.0,0.0,1.0,50.0,1.0,1.0,0.0,0.0,4.0,17.0,5.0,0.0,3.0,1.0,4.0,4.0,8.0,43.0,0.0,1.0,10.0,24.0,11.0,16.0,1.8,6.4,11.0,10.4,5.8,12.0,9.2,0.1956521739130435,,,,0,0.0,0.0,1.0,1.0,-1.0,7.0,3.0,10.0,0
2007-05-01,0.0,0.0,0.0,4.0,4.0,8.0,1.0,11.0,33.0,0.0,22.0,28.0,0.0,0.0,2.0,54.0,1.0,1.0,0.0,0.0,4.0,15.0,5.0,0.0,3.0,1.0,5.0,4.0,9.0,44.0,0.0,1.0,9.0,24.0,9.0,18.0,1.6,10.6,10.4,11.2,5.4,12.6,8.6,0.186046511627907,,,,0,0.0,0.0,0.0,1.0,-3.0,-3.0,4.0,-1.0,0
2007-06-01,0.0,0.0,0.0,4.0,4.0,7.0,0.0,12.0,13.0,0.0,22.0,37.0,0.0,0.0,1.0,59.0,1.0,1.0,0.0,0.0,4.0,19.0,5.0,0.0,3.0,1.0,5.0,5.0,9.0,45.0,0.0,1.0,8.0,24.0,10.0,14.0,1.6,6.4,12.0,12.2,6.2,13.0,8.6,0.186046511627907,,,,0,0.0,0.0,-1.0,0.0,9.0,8.0,5.0,10.0,0
2007-07-01,0.0,0.0,0.0,4.0,3.0,6.0,0.0,11.0,10.0,0.0,19.0,31.0,0.0,0.0,1.0,59.0,1.0,1.0,0.0,0.0,5.0,18.0,5.0,0.0,3.0,1.0,6.0,5.0,10.0,45.0,0.0,1.0,10.0,23.0,11.0,16.0,1.4,5.4,10.2,12.2,6.2,13.4,9.0,0.15555555555555556,,,,0,0.0,0.0,-1.0,-1.0,-6.0,-1.0,0.0,12.0,0
2007-08-01,0.0,0.0,0.0,4.0,3.0,7.0,0.0,10.0,8.0,0.0,31.0,33.0,0.0,1.0,3.0,56.0,1.0,1.0,0.0,0.0,6.0,19.0,6.0,1.0,3.0,1.0,6.0,5.0,10.0,50.0,0.0,1.0,12.0,22.0,10.0,37.0,1.4,5.0,13.6,11.6,7.0,14.4,9.0,0.15555555555555556,,,,0,0.0,0.0,1.0,-1.0,2.0,2.0,-3.0,6.0,0
2007-09-01,0.0,0.0,0.0,4.0,4.0,7.0,0.0,9.0,7.0,0.0,33.0,38.0,0.0,3.0,3.0,53.0,1.0,1.0,0.0,0.0,5.0,19.0,5.0,0.0,2.0,1.0,5.0,5.0,10.0,44.0,0.0,1.0,9.0,21.0,10.0,46.0,1.6,4.6,15.4,11.0,6.2,13.0,8.2,0.19512195121951223,,,,0,0.0,0.0,0.0,-1.0,5.0,10.0,-3.0,-1.0,0
2007-10-01,0.0,0.0,0.0,4.0,5.0,9.0,0.0,11.0,8.0,0.0,30.0,30.0,0.0,2.0,3.0,54.0,1.0,1.0,0.0,0.0,5.0,15.0,5.0,0.0,2.0,1.0,5.0,5.0,10.0,46.0,0.0,1.0,12.0,21.0,12.0,21.0,1.8,5.6,13.0,11.2,5.4,13.4,9.2,0.1956521739130435,,,,0,0.0,0.0,2.0,2.0,-8.0,-7.0,1.0,-5.0,0
2007-11-01,0.0,0.0,0.0,4.0,5.0,9.0,0.0,10.0,15.0,0.0,28.0,29.0,0.0,1.0,2.0,49.0,1.0,1.0,0.0,0.0,4.0,15.0,5.0,0.0,2.0,1.0,6.0,5.0,9.0,46.0,0.0,1.0,12.0,20.0,11.0,39.0,1.8,6.8,12.0,10.2,5.2,13.4,8.8,0.20454545454545453,,,,0,0.0,0.0,0.0,3.0,-1.0,-2.0,-5.0,-10.0,0
2007-12-01,0.0,0.0,0.0,4.0,4.0,8.0,0.0,9.0,7.0,0.0,29.0,29.0,0.0,3.0,3.0,44.0,1.0,1.0,0.0,0.0,4.0,16.0,5.0,0.0,2.0,1.0,7.0,5.0,8.0,39.0,0.0,1.0,10.0,18.0,11.0,28.0,1.6,4.8,12.8,9.2,5.4,12.0,8.0,0.2,,,,0,0.0,0.0,-1.0,1.0,0.0,-4.0,-5.0,-12.0,0
2008-01-01,2.0,0.0,0.0,6.0,4.0,10.0,0.0,11.0,9.0,0.0,41.0,65.0,0.0,6.0,4.0,61.0,1.0,1.0,0.0,0.0,5.0,53.0,5.0,0.0,3.0,1.0,6.0,4.0,11.0,55.0,0.0,1.0,16.0,22.0,13.0,57.0,2.4,6.0,23.2,12.6,13.2,15.4,10.4,0.23076923076923075,,,,0,2.0,2.0,2.0,3.0,36.0,27.0,17.0,8.0,0
2008-02-01,1.0,0.0,0.0,5.0,5.0,10.0,0.0,10.0,10.0,0.0,29.0,51.0,0.0,1.0,2.0,54.0,1.0,1.0,0.0,0.0,4.0,41.0,5.0,0.0,3.0,1.0,6.0,3.0,9.0,52.0,0.0,1.0,11.0,21.0,10.0,37.0,2.2,6.0,16.6,11.2,10.6,14.2,8.6,0.2558139534883721,,,,0,-1.0,1.0,0.0,1.0,-14.0,21.0,-7.0,0.0,0
2008-03-01,1.0,0.0,0.0,5.0,5.0,11.0,1.0,10.0,22.0,0.0,40.0,55.0,0.0,4.0,3.0,58.0,1.0,1.0,0.0,0.0,4.0,41.0,6.0,0.0,3.0,1.0,6.0,4.0,10.0,51.0,0.0,1.0,13.0,22.0,10.0,48.0,2.2,8.8,20.4,12.0,10.8,14.4,9.2,0.23913043478260873,,,,0,0.0,1.0,1.0,2.0,4.0,26.0,4.0,9.0,0
2008-04-01,1.0,0.0,0.0,5.0,5.0,12.0,1.0,10.0,31.0,0.0,35.0,40.0,0.0,2.0,3.0,59.0,2.0,1.0,0.0,0.0,4.0,25.0,5.0,0.0,3.0,1.0,6.0,4.0,11.0,60.0,0.0,1.0,10.0,22.0,10.0,43.0,2.2,10.8,16.0,12.4,7.4,16.4,8.6,0.2558139534883721,,,,0,0.0,1.0,1.0,4.0,-15.0,11.0,1.0,15.0,0
2008-05-01,1.0,0.0,0.0,5.0,4.0,11.0,1.0,9.0,47.0,0.0,24.0,33.0,0.0,1.0,1.0,61.0,2.0,1.0,0.0,0.0,4.0,21.0,6.0,0.0,3.0,1.0,6.0,5.0,13.0,61.0,0.0,1.0,9.0,22.0,9.0,24.0,2.0,13.6,11.8,12.8,6.8,17.2,8.2,0.24390243902439027,,,,0,0.0,-1.0,-1.0,1.0,-7.0,-32.0,2.0,0.0,0
2008-06-01,0.0,0.0,0.0,6.0,3.0,10.0,1.0,10.0,41.0,0.0,21.0,34.0,0.0,0.0,2.0,65.0,2.0,1.0,0.0,0.0,4.0,19.0,5.0,0.0,3.0,1.0,7.0,5.0,12.0,52.0,0.0,1.0,8.0,21.0,9.0,28.0,1.8,12.4,11.4,13.6,6.2,15.4,7.8,0.23076923076923078,,,,0,-1.0,-1.0,-1.0,0.0,1.0,-17.0,4.0,11.0,0
2008-07-01,1.0,0.0,0.0,6.0,3.0,9.0,0.0,9.0,28.0,0.0,23.0,32.0,0.0,0.0,1.0,62.0,2.0,1.0,0.0,0.0,4.0,17.0,5.0,0.0,3.0,1.0,7.0,5.0,13.0,59.0,0.0,1.0,9.0,22.0,10.0,32.0,2.0,9.2,11.2,13.0,5.8,17.0,8.4,0.23809523809523808,,,,0,1.0,0.0,-1.0,-2.0,-2.0,-23.0,-3.0,4.0,0
2008-08-01,1.0,0.0,0.0,6.0,3.0,8.0,0.0,8.0,22.0,0.0,18.0,24.0,0.0,0.0,1.0,60.0,2.0,1.0,0.0,0.0,3.0,13.0,5.0,0.0,3.0,1.0,7.0,6.0,14.0,55.0,0.0,1.0,7.0,19.0,9.0,17.0,2.0,7.6,8.6,12.6,4.8,16.6,7.2,0.2777777777777778,,,,0,0.0,0.0,-1.0,-4.0,-8.0,-16.0,-2.0,1.0,0
2008-09-01,1.0,0.0,0.0,7.0,5.0,9.0,1.0,8.0,43.0,0.0,36.0,35.0,0.0,0.0,1.0,68.0,2.0,1.0,0.0,0.0,4.0,26.0,6.0,0.0,3.0,1.0,6.0,5.0,23.0,73.0,0.0,2.0,25.0,21.0,13.0,100.0,2.6,12.2,14.4,14.2,7.8,21.6,12.2,0.21311475409836067,,,,0,0.0,0.0,1.0,-2.0,11.0,2.0,8.0,7.0,0
2008-10-01,2.0,1.0,1.0,8.0,6.0,11.0,0.0,9.0,43.0,0.0,40.0,42.0,0.0,2.0,2.0,64.0,2.0,1.0,0.0,0.0,4.0,28.0,6.0,0.0,3.0,1.0,7.0,5.0,20.0,70.0,1.0,3.0,43.0,22.0,17.0,80.0,3.6,12.6,17.2,13.4,8.2,20.6,17.2,0.20930232558139536,,,,0,1.0,2.0,2.0,1.0,7.0,8.0,-4.0,-1.0,0
2008-11-01,1.0,0.0,2.0,9.0,5.0,9.0,0.0,7.0,35.0,0.0,34.0,33.0,0.0,0.0,1.0,62.0,2.0,1.0,0.0,0.0,3.0,21.0,6.0,0.0,2.0,1.0,8.0,4.0,16.0,77.0,0.0,2.0,21.0,16.0,12.0,38.0,3.4,10.2,13.6,13.0,6.4,21.2,10.2,0.33333333333333337,,,,0,-1.0,0.0,-2.0,0.0,-9.0,1.0,-2.0,0.0,0
2008-12-01,2.0,0.0,2.0,12.0,5.0,8.0,0.0,6.0,21.0,0.0,32.0,55.0,0.0,2.0,2.0,60.0,2.0,1.0,0.0,0.0,3.0,75.0,5.0,0.0,3.0,1.0,9.0,5.0,17.0,75.0,0.0,1.0,15.0,16.0,11.0,37.0,4.2,7.0,18.2,12.6,17.2,21.4,8.6,0.48837209302325585,,,,0,1.0,1.0,-1.0,0.0,22.0,31.0,-2.0,0.0,0
2009-01-01,1.0,0.0,3.0,14.0,5.0,7.0,0.0,7.0,13.0,0.0,28.0,51.0,0.0,0.0,1.0,76.0,2.0,1.0,0.0,0.0,3.0,65.0,5.0,0.0,3.0,1.0,8.0,4.0,21.0,83.0,0.0,1.0,12.0,20.0,12.0,26.0,4.6,5.4,16.0,15.8,15.2,23.4,9.0,0.5111111111111111,,,,0,-1.0,0.0,-1.0,-2.0,-4.0,16.0,16.0,8.0,0
2009-02-01,2.0,0.0,2.0,14.0,6.0,9.0,0.0,7.0,9.0,0.0,30.0,46.0,0.0,0.0,1.0,68.0,2.0,1.0,0.0,0.0,3.0,47.0,6.0,0.0,4.0,1.0,8.0,3.0,23.0,85.0,0.0,1.0,15.0,19.0,10.0,48.0,4.8,5.0,15.4,14.2,12.0,24.0,9.0,0.5333333333333333,,,,0,1.0,0.0,2.0,-2.0,-5.0,4.0,-8.0,4.0,0
2009-03-01,1.0,0.0,2.0,14.0,6.0,10.0,0.0,7.0,8.0,0.0,36.0,44.0,0.0,0.0,1.0,70.0,2.0,1.0,0.0,0.0,3.0,53.0,5.0,0.0,4.0,1.0,7.0,3.0,22.0,84.0,0.0,2.0,19.0,19.0,11.0,85.0,4.6,5.0,16.2,14.6,13.0,23.4,10.2,0.45098039215686275,,,,0,-1.0,0.0,1.0,1.0,-2.0,11.0,2.0,8.0,0
2009-04-01,1.0,0.0,1.0,12.0,5.0,9.0,0.0,7.0,7.0,0.0,31.0,39.0,0.0,0.0,1.0,63.0,2.0,1.0,0.0,0.0,3.0,45.0,5.0,0.0,4.0,1.0,7.0,4.0,20.0,80.0,0.0,2.0,13.0,19.0,9.0,35.0,3.8,4.6,14.2,13.2,11.4,22.4,8.6,0.4418604651162791,,,,0,0.0,-1.0,-1.0,1.0,-5.0,-16.0,-7.0,3.0,0
2009-05-01,1.0,0.0,1.0,11.0,4.0,8.0,0.0,7.0,10.0,0.0,23.0,33.0,0.0,0.0,1.0,67.0,2.0,1.0,0.0,0.0,2.0,31.0,5.0,0.0,4.0,1.0,8.0,4.0,19.0,86.0,0.0,1.0,11.0,20.0,9.0,32.0,3.4,5.0,11.4,14.0,8.4,23.6,8.2,0.41463414634146345,,,,0,0.0,0.0,-1.0,1.0,-6.0,-18.0,4.0,-9.0,0
2009-06-01,1.0,0.0,1.0,13.0,3.0,8.0,0.0,7.0,10.0,0.0,26.0,41.0,0.0,0.0,1.0,73.0,2.0,1.0,0.0,0.0,2.0,40.0,5.0,0.0,4.0,1.0,8.0,5.0,23.0,100.0,0.0,1.0,9.0,20.0,9.0,33.0,3.6,5.0,13.6,15.2,10.2,27.4,7.8,0.46153846153846156,,,,0,0.0,-1.0,0.0,-1.0,8.0,-5.0,6.0,5.0,0
2009-07-01,1.0,0.0,1.0,13.0,3.0,6.0,0.0,7.0,9.0,0.0,24.0,32.0,0.0,0.0,1.0,71.0,2.0,1.0,0.0,0.0,2.0,28.0,5.0,0.0,4.0,1.0,9.0,5.0,24.0,83.0,0.0,1.0,8.0,19.0,10.0,39.0,3.6,4.4,11.4,14.8,7.8,24.4,7.6,0.4736842105263158,,,,0,0.0,0.0,-2.0,-4.0,-9.0,-12.0,-2.0,1.0,0
2009-08-01,1.0,0.0,1.0,13.0,3.0,6.0,0.0,7.0,7.0,0.0,21.0,31.0,0.0,0.0,1.0,72.0,2.0,1.0,0.0,0.0,2.0,23.0,5.0,0.0,4.0,1.0,9.0,5.0,28.0,80.0,0.0,1.0,8.0,19.0,10.0,59.0,3.6,4.0,10.6,15.0,6.8,24.6,7.6,0.4736842105263158,,,1.2188322665808256,0,0.0,0.0,0.0,-3.0,-1.0,-8.0,1.0,9.0,0
2009-09-01,1.0,0.0,1.0,13.0,4.0,7.0,0.0,7.0,7.0,0.0,22.0,26.0,0.0,0.0,1.0,69.0,2.0,1.0,0.0,0.0,2.0,21.0,4.0,0.0,3.0,1.0,9.0,4.0,26.0,76.0,0.0,1.0,9.0,19.0,10.0,43.0,3.8,4.2,9.8,14.4,6.0,23.2,7.8,0.48717948717948717,,,0.4087920988192515,0,0.0,0.0,1.0,-1.0,-5.0,-7.0,-3.0,2.0,0
2009-10-01,1.0,0.0,1.0,13.0,4.0,8.0,0.0,7.0,8.0,0.0,24.0,29.0,0.0,0.0,1.0,68.0,2.0,1.0,0.0,0.0,2.0,22.0,5.0,0.0,3.0,1.0,8.0,5.0,26.0,76.0,0.0,2.0,11.0,19.0,11.0,33.0,3.8,4.6,10.8,14.2,6.4,23.2,8.6,0.4418604651162791,,,-0.09454906119196001,0,0.0,0.0,1.0,0.0,3.0,-12.0,-1.0,-5.0,0
2009-11-01,1.0,0.0,1.0,15.0,5.0,8.0,0.0,7.0,6.0,0.0,26.0,26.0,0.0,0.0,1.0,63.0,2.0,1.0,0.0,0.0,2.0,17.0,5.0,0.0,3.0,1.0,9.0,4.0,26.0,72.0,0.0,1.0,10.0,18.0,11.0,33.0,4.4,4.2,10.6,13.2,5.4,22.4,8.0,0.55,,,-0.11175992516050764,0,0.0,0.0,0.0,2.0,-3.0,-6.0,-5.0,-8.0,0
2009-12-01,1.0,0.0,0.0,14.0,4.0,7.0,0.0,6.0,6.0,0.0,23.0,23.0,0.0,0.0,1.0,57.0,2.0,1.0,0.0,0.0,2.0,18.0,4.0,0.0,3.0,1.0,13.0,5.0,22.0,65.0,0.0,1.0,8.0,17.0,11.0,91.0,3.8,3.8,9.4,12.0,5.4,21.2,7.4,0.5135135135135135,,,2.5674719018003973,1,0.0,0.0,-1.0,1.0,-3.0,-8.0,-6.0,-15.0,0
2010-01-01,1.0,0.0,1.0,15.0,4.0,7.0,0.0,8.0,7.0,0.0,22.0,27.0,0.0,0.0,1.0,73.0,2.0,1.0,0.0,0.0,2.0,20.0,5.0,0.0,4.0,1.0,11.0,4.0,27.0,72.0,0.0,1.0,10.0,21.0,13.0,68.0,4.2,4.4,10.0,15.2,6.2,23.0,9.0,0.4666666666666667,,,1.4151635039206925,0,0.0,0.0,0.0,0.0,4.0,1.0,16.0,4.0,0
2010-02-01,1.0,0.0,1.0,14.0,5.0,8.0,0.0,7.0,5.0,0.0,22.0,27.0,0.0,0.0,1.0,66.0,2.0,1.0,0.0,0.0,2.0,19.0,5.0,0.0,4.0,1.0,11.0,3.0,21.0,74.0,0.0,1.0,9.0,20.0,10.0,44.0,4.2,4.0,10.0,13.8,6.0,22.0,8.0,0.525,,,0.27271226320190683,0,0.0,0.0,1.0,0.0,0.0,-2.0,-7.0,-2.0,0
2010-03-01,1.0,0.0,1.0,15.0,5.0,9.0,0.0,7.0,7.0,0.0,23.0,28.0,0.0,0.0,1.0,70.0,2.0,1.0,0.0,0.0,2.0,19.0,5.0,0.0,4.0,1.0,11.0,3.0,23.0,69.0,0.0,2.0,10.0,23.0,12.0,27.0,4.4,4.6,10.4,14.6,6.0,21.4,9.4,0.46808510638297873,,,-0.5318135898736367,0,0.0,0.0,1.0,1.0,1.0,2.0,4.0,7.0,0
2010-04-01,1.0,0.0,0.0,13.0,5.0,8.0,0.0,7.0,7.0,0.0,23.0,28.0,0.0,0.0,1.0,69.0,2.0,1.0,0.0,0.0,2.0,18.0,5.0,0.0,4.0,1.0,10.0,4.0,23.0,70.0,0.0,2.0,10.0,21.0,12.0,36.0,3.8,4.4,10.4,14.4,5.8,21.6,9.0,0.4222222222222222,,,-0.11556833449781553,0,0.0,0.0,-1.0,1.0,0.0,5.0,-1.0,12.0,0
2010-05-01,0.0,0.0,0.0,12.0,4.0,8.0,0.0,7.0,8.0,0.0,20.0,25.0,0.0,0.0,1.0,71.0,3.0,1.0,0.0,0.0,2.0,19.0,5.0,0.0,3.0,1.0,9.0,4.0,23.0,66.0,0.0,1.0,14.0,21.0,9.0,22.0,3.2,4.6,9.2,15.0,5.8,20.6,9.0,0.35555555555555557,0.7059232138732406,-1.2145217231527836,-0.7712983727071674,0,-1.0,-1.0,0.0,1.0,-3.0,-2.0,2.0,-2.0,0
2010-06-01,0.0,0.0,1.0,15.0,3.0,5.0,0.0,7.0,7.0,0.0,16.0,23.0,0.0,0.0,1.0,75.0,3.0,1.0,0.0,0.0,2.0,22.0,4.0,0.0,3.0,1.0,11.0,5.0,26.0,74.0,0.0,1.0,8.0,22.0,10.0,19.0,3.8,3.8,8.0,15.8,6.2,23.4,8.2,0.4634146341463415,1.2256838805188157,-1.5557188101118857,-0.8909531873049132,0,0.0,-1.0,-3.0,-3.0,-2.0,-4.0,4.0,9.0,0
2010-07-01,0.0,0.0,0.0,19.0,3.0,5.0,0.0,7.0,6.0,0.0,15.0,24.0,0.0,0.0,1.0,65.0,2.0,1.0,0.0,0.0,2.0,24.0,4.0,0.0,3.0,1.0,14.0,5.0,28.0,68.0,0.0,1.0,7.0,18.0,9.0,24.0,4.4,3.6,8.0,13.6,6.6,23.2,7.0,0.6285714285714287,1.1394785501856706,-1.4877931181665898,-0.6209346458307369,0,0.0,-1.0,0.0,-4.0,1.0,-4.0,-10.0,-5.0,0
2010-08-01,0.0,0.0,0.0,12.0,3.0,6.0,0.0,7.0,6.0,0.0,16.0,24.0,0.0,0.0,1.0,68.0,2.0,1.0,0.0,0.0,2.0,28.0,4.0,0.0,3.0,1.0,13.0,6.0,30.0,63.0,0.0,1.0,6.0,18.0,10.0,29.0,3.0,3.8,8.2,14.2,7.4,22.6,7.0,0.42857142857142855,0.9803983835899079,-1.3630589241261928,-0.36082812604156794,0,0.0,-1.0,1.0,-2.0,0.0,-4.0,3.0,-1.0,0
2010-09-01,1.0,0.0,0.0,11.0,3.0,6.0,0.0,6.0,5.0,0.0,17.0,23.0,0.0,0.0,1.0,64.0,2.0,1.0,0.0,0.0,2.0,19.0,3.0,0.0,3.0,1.0,12.0,5.0,27.0,59.0,0.0,1.0,7.0,17.0,9.0,25.0,3.0,3.4,8.2,13.4,5.4,20.8,6.8,0.4411764705882353,0.5894152729395198,-1.3097873904528947,-0.5585645793675631,0,1.0,1.0,0.0,-2.0,-1.0,-2.0,-4.0,-7.0,0
2010-10-01,0.0,0.0,0.0,10.0,4.0,8.0,0.0,6.0,6.0,0.0,19.0,24.0,0.0,0.0,1.0,60.0,2.0,1.0,0.0,0.0,2.0,22.0,3.0,0.0,3.0,1.0,12.0,5.0,30.0,53.0,0.0,1.0,9.0,17.0,11.0,32.0,2.8,4.0,8.8,12.6,6.0,20.2,7.6,0.3684210526315789,0.44228149018250584,-1.0770157017805848,-0.19370143535791592,0,-1.0,0.0,2.0,3.0,1.0,1.0,-4.0,-15.0,0
2010-11-01,0.0,0.0,0.0,11.0,4.0,9.0,0.0,6.0,7.0,0.0,25.0,24.0,0.0,0.0,2.0,57.0,2.0,1.0,0.0,0.0,2.0,22.0,4.0,0.0,3.0,1.0,12.0,4.0,24.0,56.0,0.0,1.0,9.0,16.0,10.0,64.0,3.0,4.4,10.2,12.0,6.2,19.4,7.2,0.41666666666666663,0.2541884310230821,-0.6222271973474676,1.389039599806262,0,0.0,0.0,1.0,4.0,0.0,0.0,-3.0,-8.0,0
2010-12-01,0.0,0.0,0.0,14.0,3.0,7.0,0.0,6.0,9.0,0.0,21.0,24.0,0.0,0.0,1.0,50.0,2.0,1.0,0.0,0.0,1.0,18.0,3.0,0.0,3.0,1.0,14.0,5.0,22.0,50.0,0.0,1.0,9.0,16.0,10.0,61.0,3.4,4.4,9.2,10.6,5.0,18.4,7.2,0.4722222222222222,0.0242849543602563,-0.913080274427359,1.1884219270834642,0,0.0,0.0,-2.0,1.0,0.0,0.0,-7.0,-18.0,0
2011-01-01,0.0,0.0,0.0,15.0,4.0,8.0,0.0,7.0,11.0,0.0,21.0,23.0,0.0,0.0,1.0,72.0,3.0,1.0,0.0,0.0,2.0,17.0,4.0,0.0,4.0,1.0,16.0,4.0,32.0,64.0,1.0,1.0,10.0,23.0,13.0,34.0,3.8,5.2,9.0,15.2,5.4,23.4,9.6,0.3958333333333333,1.0376491778094177,-0.9500272799127426,-0.18297872953629638,0,0.0,-1.0,1.0,2.0,-1.0,0.0,22.0,8.0,0
2011-02-01,0.0,0.0,0.0,12.0,5.0,9.0,1.0,7.0,20.0,0.0,21.0,25.0,0.0,0.0,1.0,66.0,3.0,1.0,0.0,0.0,2.0,16.0,4.0,0.0,4.0,1.0,15.0,4.0,27.0,66.0,1.0,1.0,11.0,21.0,12.0,39.0,3.4,7.4,9.4,14.0,5.2,22.6,9.2,0.3695652173913044,0.8347319524936222,-0.8096462231194167,0.05762167221392489,0,0.0,0.0,1.0,1.0,2.0,1.0,-6.0,6.0,0
2011-03-01,0.0,0.0,0.0,11.0,5.0,9.0,1.0,7.0,29.0,0.0,22.0,24.0,0.0,0.0,1.0,68.0,3.0,1.0,0.0,0.0,2.0,15.0,4.0,0.0,4.0,1.0,15.0,4.0,27.0,59.0,1.0,1.0,11.0,21.0,13.0,33.0,3.2,9.2,9.4,14.4,5.0,21.2,9.4,0.3404255319148936,0.5062833682335649,-0.8022860133159339,-0.2605512761710028,0,0.0,0.0,0.0,0.0,-1.0,0.0,2.0,11.0,0
2011-04-01,0.0,0.0,0.0,11.0,4.0,10.0,1.0,7.0,30.0,0.0,25.0,24.0,0.0,0.0,2.0,68.0,3.0,1.0,0.0,0.0,2.0,12.0,4.0,0.0,4.0,1.0,17.0,4.0,29.0,58.0,0.0,1.0,9.0,20.0,12.0,68.0,3.0,9.6,10.2,14.4,4.4,21.8,8.4,0.35714285714285715,0.608220476171396,-0.5607879013844279,1.462708239593427,0,0.0,0.0,1.0,3.0,0.0,0.0,0.0,18.0,0
2011-05-01,0.0,0.0,0.0,11.0,4.0,8.0,1.0,7.0,28.0,0.0,21.0,22.0,0.0,0.0,1.0,73.0,3.0,1.0,0.0,0.0,2.0,13.0,4.0,0.0,4.0,1.0,17.0,5.0,33.0,54.0,0.0,1.0,8.0,19.0,10.0,40.0,3.0,8.8,8.8,15.4,4.6,22.0,7.6,0.39473684210526316,0.6235998009503775,-0.9642135497462169,0.02845901557613205,0,0.0,0.0,-2.0,0.0,-2.0,-1.0,5.0,1.0,0
2011-06-01,0.0,0.0,0.0,11.0,4.0,7.0,0.0,7.0,18.0,0.0,21.0,21.0,0.0,0.0,1.0,74.0,4.0,1.0,0.0,0.0,3.0,15.0,4.0,0.0,4.0,2.0,19.0,6.0,36.0,59.0,0.0,1.0,7.0,20.0,10.0,56.0,3.0,6.4,8.6,15.8,5.2,24.4,7.6,0.39473684210526316,1.1407478654798668,-1.004720417040597,0.8143371924347602,0,0.0,0.0,-1.0,-2.0,-1.0,-4.0,1.0,8.0,0
2011-07-01,0.0,0.0,0.0,12.0,4.0,6.0,0.0,8.0,14.0,0.0,19.0,22.0,0.0,0.0,0.0,72.0,3.0,1.0,0.0,0.0,2.0,13.0,4.0,0.0,5.0,2.0,21.0,5.0,36.0,61.0,0.0,1.0,8.0,18.0,11.0,35.0,3.2,5.6,8.2,15.2,4.8,25.0,7.6,0.4210526315789474,1.2431770529374198,-1.087902547022086,-0.26445076338051277,0,0.0,0.0,-1.0,-3.0,1.0,-2.0,-2.0,4.0,0
2011-08-01,1.0,0.0,0.0,11.0,4.0,7.0,0.0,7.0,14.0,0.0,22.0,29.0,0.0,0.0,2.0,78.0,3.0,1.0,0.0,0.0,2.0,28.0,4.0,0.0,4.0,2.0,20.0,6.0,40.0,58.0,1.0,1.0,22.0,19.0,13.0,96.0,3.2,5.6,10.6,16.4,7.6,25.2,11.2,0.28571428571428575,1.2547816207537048,-0.3715142838186971,2.618340114606828,1,1.0,1.0,1.0,-3.0,7.0,5.0,6.0,10.0,0
2011-09-01,1.0,0.0,0.0,11.0,4.0,7.0,0.0,7.0,12.0,0.0,20.0,23.0,0.0,0.0,1.0,72.0,3.0,1.0,0.0,0.0,2.0,22.0,4.0,0.0,4.0,2.0,19.0,5.0,40.0,57.0,0.0,1.0,10.0,17.0,10.0,51.0,3.2,5.2,8.8,15.2,6.4,24.6,7.6,0.4210526315789474,1.076333049330869,-0.8918439145952208,0.4221878958686302,0,0.0,1.0,0.0,-1.0,-6.0,1.0,-6.0,-1.0,0
2011-10-01,0.0,0.0,0.0,11.0,4.0,8.0,0.0,7.0,11.0,0.0,25.0,24.0,0.0,0.0,1.0,100.0,3.0,1.0,0.0,0.0,2.0,23.0,4.0,0.0,4.0,1.0,19.0,5.0,34.0,55.0,1.0,1.0,11.0,17.0,10.0,45.0,3.0,5.2,10.0,20.8,6.6,22.8,8.0,0.375,0.5999435896696156,-0.5245834699736647,0.10235209671570948,0,-1.0,0.0,1.0,1.0,1.0,3.0,28.0,26.0,0
2011-11-01,0.0,0.0,0.0,11.0,4.0,7.0,0.0,7.0,9.0,0.0,22.0,20.0,0.0,0.0,1.0,62.0,3.0,1.0,0.0,0.0,2.0,16.0,3.0,0.0,6.0,1.0,20.0,5.0,32.0,56.0,0.0,1.0,10.0,16.0,9.0,42.0,3.0,4.6,8.6,13.2,5.4,22.8,7.2,0.41666666666666663,0.5707968136719509,-0.9220163956660775,-0.07306196193035198,0,0.0,0.0,-1.0,1.0,-4.0,-2.0,-38.0,-10.0,0
2011-12-01,0.0,0.0,0.0,11.0,4.0,7.0,0.0,6.0,9.0,0.0,21.0,19.0,0.0,0.0,1.0,57.0,3.0,1.0,0.0,0.0,1.0,13.0,3.0,0.0,6.0,1.0,24.0,6.0,29.0,49.0,0.0,1.0,9.0,16.0,10.0,39.0,3.0,4.4,8.2,12.2,4.6,21.8,7.2,0.41666666666666663,0.27654909415014345,-1.001477294272192,-0.2271040109502161,0,0.0,-1.0,0.0,0.0,-1.0,-10.0,-5.0,-21.0,0
2012-01-01,0.0,0.0,0.0,14.0,4.0,7.0,0.0,7.0,12.0,0.0,19.0,23.0,0.0,0.0,1.0,70.0,3.0,1.0,0.0,0.0,2.0,18.0,4.0,0.0,7.0,1.0,23.0,5.0,36.0,61.0,1.0,1.0,9.0,19.0,13.0,29.0,3.6,5.2,8.6,14.8,6.2,25.2,8.6,0.4186046511627907,1.1731743525412355,-0.8512599654611063,-0.7138287564577159,0,0.0,-1.0,0.0,0.0,4.0,0.0,13.0,-2.0,0
2012-02-01,0.0,0.0,0.0,11.0,4.0,8.0,1.0,7.0,24.0,0.0,20.0,24.0,0.0,0.0,1.0,65.0,3.0,1.0,0.0,0.0,2.0,17.0,4.0,0.0,6.0,2.0,20.0,3.0,29.0,56.0,1.0,1.0,10.0,21.0,11.0,35.0,3.0,8.0,9.0,13.8,5.8,22.0,8.8,0.3409090909090909,0.24077452257719015,-0.7097438572688585,-0.42941435445280807,0,0.0,0.0,1.0,0.0,1.0,0.0,-5.0,-35.0,0
2012-03-01,0.0,0.0,0.0,10.0,4.0,8.0,0.0,6.0,24.0,0.0,19.0,23.0,0.0,0.0,1.0,63.0,3.0,1.0,0.0,0.0,2.0,16.0,4.0,0.0,5.0,1.0,20.0,4.0,30.0,52.0,1.0,1.0,9.0,19.0,11.0,45.0,2.8,7.6,8.6,13.4,5.4,21.4,8.2,0.34146341463414637,0.020307523013434872,-0.8021437470222035,0.07454401240697918,0,0.0,0.0,0.0,1.0,-1.0,3.0,-2.0,1.0,0
2012-04-01,0.0,0.0,0.0,11.0,5.0,8.0,0.0,6.0,17.0,0.0,20.0,24.0,0.0,0.0,1.0,70.0,3.0,1.0,0.0,0.0,2.0,16.0,4.0,0.0,5.0,1.0,22.0,5.0,30.0,53.0,1.0,1.0,8.0,20.0,10.0,41.0,3.2,6.2,9.0,14.8,5.4,22.2,8.0,0.4,0.2277620350260671,-0.6634976241987669,-0.14309426753425541,0,0.0,0.0,0.0,1.0,1.0,5.0,7.0,13.0,0
2012-05-01,0.0,0.0,0.0,10.0,4.0,7.0,0.0,6.0,15.0,0.0,18.0,23.0,0.0,0.0,1.0,70.0,4.0,1.0,0.0,0.0,2.0,17.0,4.0,0.0,5.0,2.0,22.0,6.0,32.0,55.0,1.0,1.0,8.0,18.0,9.0,26.0,2.8,5.6,8.4,15.0,5.6,23.4,7.4,0.37837837837837834,0.6087313745508227,-0.8566006813671763,-0.8794527001025783,0,0.0,0.0,-1.0,0.0,-1.0,0.0,0.0,0.0,0
2012-06-01,0.0,0.0,0.0,10.0,3.0,6.0,0.0,6.0,16.0,0.0,16.0,24.0,0.0,0.0,1.0,69.0,4.0,2.0,0.0,0.0,2.0,19.0,3.0,0.0,5.0,2.0,25.0,6.0,35.0,51.0,0.0,1.0,7.0,19.0,10.0,35.0,2.6,5.6,8.2,15.0,5.8,23.8,7.4,0.35135135135135137,0.7352708041709186,-0.8926155140029703,-0.41679393077649884,0,0.0,0.0,-1.0,-2.0,1.0,0.0,-1.0,4.0,0
2012-07-01,0.0,0.0,0.0,11.0,3.0,5.0,0.0,7.0,12.0,0.0,15.0,24.0,0.0,0.0,1.0,68.0,4.0,1.0,0.0,0.0,2.0,20.0,4.0,0.0,6.0,2.0,27.0,6.0,39.0,54.0,0.0,1.0,6.0,18.0,10.0,31.0,2.8,4.8,8.0,14.6,6.4,25.6,7.0,0.39999999999999997,1.4319066253730373,-0.9778065628536721,-0.6027183294300106,0,0.0,0.0,-1.0,-3.0,0.0,1.0,-1.0,5.0,0
2012-08-01,0.0,0.0,0.0,9.0,3.0,5.0,0.0,6.0,15.0,0.0,16.0,21.0,0.0,0.0,1.0,72.0,3.0,1.0,0.0,0.0,1.0,17.0,4.0,0.0,5.0,2.0,27.0,6.0,41.0,51.0,0.0,1.0,6.0,18.0,9.0,38.0,2.4,5.2,7.6,15.2,5.4,25.4,6.8,0.35294117647058826,1.3304157488098258,-1.0994696214456317,-0.24094756733022207,0,0.0,0.0,0.0,-3.0,-3.0,-3.0,4.0,2.0,0
2012-09-01,0.0,0.0,0.0,10.0,4.0,7.0,0.0,6.0,15.0,0.0,20.0,23.0,0.0,0.0,1.0,69.0,4.0,1.0,0.0,0.0,2.0,18.0,4.0,0.0,5.0,2.0,24.0,5.0,44.0,48.0,0.0,1.0,7.0,17.0,10.0,73.0,2.8,5.6,8.8,14.8,5.8,24.6,7.0,0.39999999999999997,0.9681281810636623,-0.6142624566025982,1.4743378267948604,0,0.0,0.0,2.0,0.0,2.0,0.0,-3.0,-1.0,0
2012-10-01,0.0,0.0,0.0,10.0,4.0,8.0,0.0,6.0,24.0,0.0,21.0,21.0,0.0,0.0,1.0,64.0,3.0,1.0,0.0,0.0,2.0,17.0,3.0,0.0,4.0,1.0,20.0,5.0,35.0,50.0,0.0,1.0,9.0,17.0,10.0,35.0,2.8,7.6,8.6,13.6,5.2,22.2,7.4,0.37837837837837834,-0.16165915288722563,-0.6685041749169167,-0.4446768783256119,0,0.0,0.0,1.0,2.0,-2.0,-3.0,-5.0,-5.0,0
2012-11-01,0.0,0.0,1.0,10.0,4.0,8.0,0.0,6.0,14.0,0.0,19.0,19.0,0.0,0.0,1.0,59.0,3.0,1.0,0.0,0.0,1.0,13.0,3.0,0.0,4.0,1.0,22.0,6.0,40.0,49.0,0.0,1.0,12.0,16.0,11.0,38.0,3.0,5.6,7.8,12.6,4.2,23.6,8.0,0.375,0.49714511935960687,-0.9429052173209027,-0.29983854183490855,0,0.0,0.0,0.0,3.0,-2.0,-5.0,-5.0,-9.0,0
2012-12-01,0.0,0.0,0.0,11.0,4.0,7.0,0.0,5.0,9.0,0.0,16.0,18.0,0.0,0.0,1.0,50.0,3.0,1.0,0.0,0.0,1.0,12.0,3.0,0.0,4.0,1.0,25.0,6.0,28.0,38.0,0.0,1.0,7.0,16.0,11.0,29.0,3.0,4.2,7.0,10.8,4.0,19.6,7.0,0.42857142857142855,-1.7829605123104029,-1.2221317765380721,-0.7770397973350853,0,0.0,0.0,-1.0,2.0,-1.0,-3.0,-9.0,-22.0,0
2013-01-01,0.0,0.0,0.0,11.0,4.0,7.0,0.0,7.0,9.0,0.0,16.0,22.0,0.0,0.0,1.0,65.0,4.0,1.0,0.0,0.0,2.0,16.0,4.0,0.0,5.0,2.0,23.0,5.0,33.0,46.0,1.0,1.0,8.0,19.0,14.0,27.0,3.0,4.6,7.8,14.0,5.4,21.8,8.6,0.3488372093023256,-0.5267721881826771,-0.8882316138406948,-0.8764399042094876,0,0.0,0.0,0.0,0.0,4.0,-1.0,15.0,-4.0,0
2013-02-01,0.0,0.0,0.0,9.0,4.0,8.0,0.0,7.0,15.0,0.0,18.0,23.0,0.0,0.0,1.0,64.0,3.0,1.0,0.0,0.0,2.0,14.0,4.0,0.0,5.0,1.0,22.0,4.0,31.0,47.0,1.0,1.0,9.0,20.0,12.0,28.0,2.6,6.0,8.4,13.6,5.0,21.0,8.6,0.3023255813953489,-0.994564920115239,-0.6401170657573454,-0.7952156250630874,0,0.0,0.0,1.0,0.0,1.0,2.0,-1.0,0.0,0
2013-03-01,0.0,0.0,0.0,8.0,4.0,8.0,0.0,7.0,10.0,0.0,16.0,23.0,0.0,0.0,1.0,62.0,3.0,1.0,0.0,0.0,2.0,15.0,4.0,0.0,5.0,1.0,21.0,4.0,30.0,41.0,1.0,1.0,9.0,20.0,12.0,31.0,2.4,5.0,8.0,13.2,5.2,19.4,8.6,0.27906976744186046,-1.844773823560245,-0.7740486882750816,-0.61191425935246,0,0.0,0.0,0.0,0.0,0.0,4.0,-2.0,3.0,0
2013-04-01,0.0,0.0,0.0,9.0,5.0,8.0,0.0,6.0,9.0,0.0,19.0,23.0,0.0,0.0,1.0,67.0,4.0,1.0,0.0,0.0,2.0,14.0,4.0,0.0,6.0,2.0,21.0,5.0,31.0,39.0,1.0,1.0,9.0,20.0,12.0,27.0,2.8,4.6,8.6,14.4,5.2,19.6,8.6,0.3255813953488372,-1.6734537913208285,-0.5106155742013845,-0.8262962357474903,0,0.0,0.0,0.0,1.0,0.0,5.0,5.0,17.0,0
2013-05-01,0.0,0.0,0.0,8.0,4.0,7.0,0.0,6.0,12.0,0.0,17.0,25.0,0.0,0.0,1.0,67.0,4.0,2.0,0.0,0.0,2.0,16.0,4.0,0.0,5.0,2.0,22.0,6.0,30.0,36.0,0.0,1.0,8.0,20.0,12.0,38.0,2.4,5.0,8.6,14.6,5.4,19.2,8.2,0.29268292682926833,-1.790888970166663,-0.4890639859572902,-0.2108875896850908,0,0.0,0.0,-1.0,0.0,2.0,3.0,0.0,2.0,0
2013-06-01,0.0,0.0,0.0,8.0,3.0,6.0,0.0,6.0,12.0,0.0,14.0,35.0,0.0,0.0,2.0,68.0,4.0,2.0,0.0,0.0,2.0,26.0,4.0,0.0,5.0,2.0,25.0,7.0,32.0,35.0,0.0,1.0,8.0,18.0,11.0,64.0,2.2,4.8,10.2,14.8,7.4,20.2,7.6,0.2894736842105263,-1.2106804625104863,0.4669595070579435,1.2535284887704274,0,0.0,0.0,-1.0,-2.0,10.0,12.0,1.0,4.0,0
2013-07-01,0.0,0.0,0.0,9.0,3.0,6.0,0.0,7.0,11.0,0.0,13.0,34.0,0.0,0.0,1.0,72.0,4.0,1.0,0.0,0.0,2.0,25.0,4.0,0.0,6.0,2.0,28.0,7.0,37.0,43.0,0.0,1.0,7.0,18.0,12.0,51.0,2.4,4.8,9.6,15.4,7.4,23.4,7.6,0.3157894736842105,0.4709324670533262,0.22571918792854095,0.58559497171693,0,0.0,0.0,0.0,-2.0,-1.0,11.0,4.0,10.0,0
2013-08-01,0.0,0.0,0.0,8.0,3.0,6.0,0.0,7.0,9.0,0.0,13.0,25.0,0.0,0.0,1.0,76.0,5.0,1.0,0.0,0.0,2.0,18.0,4.0,0.0,5.0,2.0,27.0,7.0,39.0,36.0,0.0,1.0,7.0,18.0,11.0,27.0,2.2,4.4,7.8,16.4,5.8,22.2,7.4,0.2972972972972973,-0.1576167491701489,-1.1300178590041994,-0.8501884438311379,0,0.0,0.0,0.0,-2.0,-9.0,2.0,4.0,9.0,0
2013-09-01,0.0,0.0,0.0,8.0,4.0,7.0,0.0,6.0,8.0,0.0,15.0,25.0,0.0,0.0,2.0,66.0,4.0,1.0,0.0,0.0,1.0,17.0,3.0,0.0,5.0,2.0,24.0,6.0,39.0,33.0,1.0,2.0,10.0,18.0,11.0,42.0,2.4,4.2,8.4,14.2,5.2,20.8,8.4,0.2857142857142857,-0.8613142538358473,-0.604592390073136,0.039393635845523516,0,0.0,0.0,1.0,0.0,0.0,0.0,-10.0,-1.0,0
2013-10-01,0.0,0.0,0.0,9.0,4.0,8.0,0.0,7.0,8.0,0.0,20.0,23.0,0.0,0.0,1.0,64.0,4.0,1.0,0.0,0.0,2.0,16.0,3.0,0.0,5.0,2.0,22.0,6.0,57.0,33.0,1.0,2.0,12.0,19.0,13.0,40.0,2.6,4.6,8.8,13.8,5.2,24.0,9.4,0.2765957446808511,0.9031301722381908,-0.21896078580788253,-0.08943420491962885,0,0.0,0.0,1.0,2.0,-2.0,-12.0,-2.0,-4.0,0
2013-11-01,0.0,0.0,0.0,8.0,4.0,8.0,0.0,6.0,8.0,0.0,18.0,19.0,0.0,0.0,1.0,61.0,4.0,1.0,0.0,0.0,1.0,11.0,3.0,0.0,5.0,1.0,24.0,6.0,33.0,30.0,1.0,2.0,11.0,18.0,13.0,33.0,2.4,4.4,7.6,13.2,4.0,18.8,9.0,0.26666666666666666,-1.8907381172138085,-1.4228915368692387,-0.5040733966813353,0,0.0,0.0,0.0,2.0,-4.0,-15.0,-3.0,-11.0,0
2013-12-01,0.0,0.0,0.0,10.0,4.0,8.0,0.0,7.0,7.0,0.0,18.0,19.0,0.0,0.0,2.0,57.0,3.0,1.0,0.0,0.0,1.0,10.0,3.0,0.0,5.0,2.0,28.0,6.0,28.0,30.0,1.0,2.0,10.0,18.0,13.0,28.0,2.8,4.4,7.8,12.2,3.8,18.8,8.8,0.3181818181818181,-1.798919987989556,-1.1746147377955904,-0.773600856408432,0,0.0,0.0,0.0,2.0,0.0,-6.0,-4.0,-19.0,0
2014-01-01,0.0,0.0,0.0,14.0,4.0,7.0,0.0,8.0,7.0,0.0,16.0,20.0,0.0,0.0,1.0,73.0,4.0,1.0,0.0,0.0,1.0,12.0,4.0,0.0,6.0,2.0,23.0,5.0,36.0,34.0,1.0,2.0,11.0,21.0,15.0,29.0,3.6,4.4,7.4,15.6,4.6,20.0,10.0,0.36,-1.1132430627752854,-1.534313314862641,-0.6934760925288561,0,0.0,0.0,-1.0,0.0,1.0,-5.0,16.0,7.0,0
2014-02-01,0.0,0.0,0.0,11.0,4.0,8.0,0.0,7.0,9.0,0.0,16.0,21.0,0.0,0.0,1.0,67.0,4.0,1.0,0.0,0.0,1.0,11.0,3.0,0.0,5.0,2.0,23.0,3.0,31.0,32.0,1.0,2.0,12.0,20.0,13.0,,3.0,4.8,7.6,14.4,4.0,18.2,9.6,0.3125,-1.9453223774132316,-1.2922405477658254,,0,0.0,0.0,1.0,0.0,1.0,-2.0,-6.0,3.0,0
2014-02-02,,,,,,,,,,,,,,,,,,,,,,,,,,,,,,,,,,,,57.0,,,,,,,,,,,,0,,,,,,,,,0
2014-02-09,,,,,,,,,,,,,,,,,,,,,,,,,,,,,,,,,,,,92.0,,,,,,,,,,,,0,,,,,,,,,0
2014-02-16,,,,,,,,,,,,,,,,,,,,,,,,,,,,,,,,,,,,24.0,,,,,,,,,,,,0,,,,,,,,,0
2014-02-23,,,,,,,,,,,,,,,,,,,,,,,,,,,,,,,,,,,,36.0,,,,,,,,,,,,0,,,,,,,,,0
2014-03-01,0.0,0.0,0.0,10.0,5.0,8.0,0.0,7.0,8.0,0.0,16.0,21.0,0.0,0.0,1.0,66.0,4.0,1.0,0.0,0.0,1.0,12.0,4.0,0.0,6.0,2.0,23.0,4.0,28.0,34.0,1.0,2.0,11.0,20.0,13.0,,3.0,4.6,7.6,14.2,4.6,18.2,9.4,0.3191489361702127,,,,0,,,,,,,,,0
2014-03-02,,,,,,,,,,,,,,,,,,,,,,,,,,,,,,,,,,,,16.0,,,,,,,,,,,,0,,,,,,,,,0
2014-03-09,,,,,,,,,,,,,,,,,,,,,,,,,,,,,,,,,,,,17.0,,,,,,,,,,,,0,,,,,,,,,0
2014-03-16,,,,,,,,,,,,,,,,,,,,,,,,,,,,,,,,,,,,68.0,,,,,,,,,,,,0,,,,,,,,,0
2014-03-23,,,,,,,,,,,,,,,,,,,,,,,,,,,,,,,,,,,,23.0,,,,,,,,,,,,0,,,,,,,,,0
2014-03-30,,,,,,,,,,,,,,,,,,,,,,,,,,,,,,,,,,,,31.0,,,,,,,,,,,,0,,,,,,,,,0
2014-04-01,0.0,0.0,0.0,10.0,5.0,9.0,0.0,7.0,9.0,0.0,17.0,21.0,0.0,0.0,1.0,69.0,4.0,1.0,0.0,0.0,2.0,11.0,4.0,0.0,5.0,2.0,23.0,5.0,28.0,35.0,1.0,1.0,11.0,21.0,13.0,,3.0,5.0,7.8,14.8,4.4,18.6,9.4,0.3191489361702127,,,,0,,,,,,,,,0
2014-04-06,,,,,,,,,,,,,,,,,,,,,,,,,,,,,,,,,,,,18.0,,,,,,,,,,,,0,,,,,,,,,0
2014-04-13,,,,,,,,,,,,,,,,,,,,,,,,,,,,,,,,,,,,22.0,,,,,,,,,,,,0,,,,,,,,,0
2014-04-20,,,,,,,,,,,,,,,,,,,,,,,,,,,,,,,,,,,,16.0,,,,,,,,,,,,0,,,,,,,,,0
2014-04-27,,,,,,,,,,,,,,,,,,,,,,,,,,,,,,,,,,,,17.0,,,,,,,,,,,,0,,,,,,,,,0
2014-05-01,0.0,0.0,0.0,9.0,4.0,9.0,0.0,7.0,8.0,0.0,16.0,20.0,0.0,0.0,1.0,72.0,5.0,1.0,0.0,0.0,2.0,11.0,4.0,0.0,5.0,2.0,24.0,6.0,27.0,33.0,1.0,1.0,8.0,21.0,12.0,,2.6,4.8,7.4,15.6,4.4,18.4,8.6,0.3023255813953489,,,,0,,,,,,,,,0
2014-05-04,,,,,,,,,,,,,,,,,,,,,,,,,,,,,,,,,,,,41.0,,,,,,,,,,,,0,,,,,,,,,0
2014-05-11,,,,,,,,,,,,,,,,,,,,,,,,,,,,,,,,,,,,18.0,,,,,,,,,,,,0,,,,,,,,,0
2014-05-18,,,,,,,,,,,,,,,,,,,,,,,,,,,,,,,,,,,,25.0,,,,,,,,,,,,0,,,,,,,,,0
2014-05-25,,,,,,,,,,,,,,,,,,,,,,,,,,,,,,,,,,,,15.0,,,,,,,,,,,,0,,,,,,,,,0
2014-06-01,0.0,0.0,0.0,7.0,3.0,7.0,0.0,8.0,9.0,0.0,12.0,19.0,0.0,0.0,1.0,71.0,5.0,1.0,0.0,0.0,2.0,11.0,4.0,0.0,6.0,2.0,25.0,5.0,29.0,34.0,1.0,1.0,7.0,20.0,12.0,10.0,2.0,4.8,6.4,15.4,4.6,19.0,8.2,0.24390243902439027,,,,0,,,,,,,,,0
2014-06-08,,,,,,,,,,,,,,,,,,,,,,,,,,,,,,,,,,,,8.0,,,,,,,,,,,,0,,,,,,,,,0
2014-06-15,,,,,,,,,,,,,,,,,,,,,,,,,,,,,,,,,,,,25.0,,,,,,,,,,,,0,,,,,,,,,0
2014-06-22,,,,,,,,,,,,,,,,,,,,,,,,,,,,,,,,,,,,9.0,,,,,,,,,,,,0,,,,,,,,,0
2014-06-29,,,,,,,,,,,,,,,,,,,,,,,,,,,,,,,,,,,,16.0,,,,,,,,,,,,0,,,,,,,,,0
2014-07-01,0.0,0.0,0.0,7.0,3.0,7.0,0.0,8.0,8.0,0.0,12.0,19.0,0.0,0.0,1.0,76.0,4.0,1.0,0.0,0.0,2.0,11.0,4.0,0.0,6.0,2.0,27.0,6.0,33.0,33.0,1.0,1.0,8.0,20.0,14.0,,2.0,4.6,6.4,16.2,4.6,20.2,8.8,0.22727272727272727,,,,0,,,,,,,,,0
2014-07-06,,,,,,,,,,,,,,,,,,,,,,,,,,,,,,,,,,,,11.0,,,,,,,,,,,,0,,,,,,,,,0
2014-07-13,,,,,,,,,,,,,,,,,,,,,,,,,,,,,,,,,,,,53.0,,,,,,,,,,,,0,,,,,,,,,0
2014-07-20,,,,,,,,,,,,,,,,,,,,,,,,,,,,,,,,,,,,18.0,,,,,,,,,,,,0,,,,,,,,,0
2014-07-27,,,,,,,,,,,,,,,,,,,,,,,,,,,,,,,,,,,,13.0,,,,,,,,,,,,0,,,,,,,,,0
2014-08-01,0.0,0.0,0.0,6.0,4.0,6.0,0.0,7.0,7.0,0.0,11.0,17.0,0.0,0.0,1.0,71.0,4.0,1.0,0.0,0.0,1.0,10.0,3.0,0.0,5.0,2.0,27.0,6.0,31.0,31.0,0.0,1.0,8.0,19.0,13.0,,2.0,4.0,5.8,15.2,3.8,19.4,8.2,0.24390243902439027,,,,0,,,,,,,,,0
2014-08-03,,,,,,,,,,,,,,,,,,,,,,,,,,,,,,,,,,,,8.0,,,,,,,,,,,,0,,,,,,,,,0
2014-08-10,,,,,,,,,,,,,,,,,,,,,,,,,,,,,,,,,,,,9.0,,,,,,,,,,,,0,,,,,,,,,0
2014-08-17,,,,,,,,,,,,,,,,,,,,,,,,,,,,,,,,,,,,35.0,,,,,,,,,,,,0,,,,,,,,,0
2014-08-24,,,,,,,,,,,,,,,,,,,,,,,,,,,,,,,,,,,,17.0,,,,,,,,,,,,0,,,,,,,,,0
2014-08-31,,,,,,,,,,,,,,,,,,,,,,,,,,,,,,,,,,,,11.0,,,,,,,,,,,,0,,,,,,,,,0
2014-09-01,0.0,0.0,0.0,6.0,4.0,8.0,0.0,7.0,7.0,0.0,14.0,19.0,0.0,0.0,1.0,66.0,4.0,1.0,0.0,0.0,1.0,9.0,3.0,0.0,5.0,2.0,23.0,5.0,30.0,31.0,1.0,1.0,9.0,19.0,12.0,,2.0,4.4,6.8,14.2,3.6,18.2,8.4,0.23809523809523808,,,,0,,,,,,,,,0
2014-09-07,,,,,,,,,,,,,,,,,,,,,,,,,,,,,,,,,,,,13.0,,,,,,,,,,,,0,,,,,,,,,0
2014-09-14,,,,,,,,,,,,,,,,,,,,,,,,,,,,,,,,,,,,32.0,,,,,,,,,,,,0,,,,,,,,,0
2014-09-21,,,,,,,,,,,,,,,,,,,,,,,,,,,,,,,,,,,,11.0,,,,,,,,,,,,0,,,,,,,,,0
2014-09-28,,,,,,,,,,,,,,,,,,,,,,,,,,,,,,,,,,,,14.0,,,,,,,,,,,,0,,,,,,,,,0
2014-10-01,0.0,0.0,0.0,6.0,4.0,8.0,0.0,7.0,12.0,0.0,16.0,20.0,0.0,0.0,2.0,65.0,4.0,1.0,0.0,0.0,1.0,12.0,3.0,0.0,4.0,2.0,21.0,5.0,27.0,31.0,1.0,1.0,14.0,18.0,12.0,,2.0,5.4,7.6,14.0,4.0,17.2,9.2,0.2173913043478261,,,,0,,,,,,,,,0
2014-10-05,,,,,,,,,,,,,,,,,,,,,,,,,,,,,,,,,,,,23.0,,,,,,,,,,,,0,,,,,,,,,0
2014-10-12,,,,,,,,,,,,,,,,,,,,,,,,,,,,,,,,,,,,24.0,,,,,,,,,,,,0,,,,,,,,,0
2014-10-19,,,,,,,,,,,,,,,,,,,,,,,,,,,,,,,,,,,,20.0,,,,,,,,,,,,0,,,,,,,,,0
2014-10-26,,,,,,,,,,,,,,,,,,,,,,,,,,,,,,,,,,,,22.0,,,,,,,,,,,,0,,,,,,,,,0
2014-11-01,0.0,0.0,0.0,6.0,4.0,9.0,0.0,7.0,11.0,0.0,15.0,18.0,0.0,0.0,1.0,57.0,4.0,1.0,0.0,0.0,1.0,8.0,3.0,0.0,5.0,1.0,22.0,4.0,25.0,28.0,1.0,1.0,11.0,18.0,13.0,,2.0,5.4,6.8,12.4,3.4,16.0,8.8,0.22727272727272727,,,,0,,,,,,,,,0
2014-11-02,,,,,,,,,,,,,,,,,,,,,,,,,,,,,,,,,,,,20.0,,,,,,,,,,,,0,,,,,,,,,0
2014-11-09,,,,,,,,,,,,,,,,,,,,,,,,,,,,,,,,,,,,12.0,,,,,,,,,,,,0,,,,,,,,,0
2014-11-16,,,,,,,,,,,,,,,,,,,,,,,,,,,,,,,,,,,,13.0,,,,,,,,,,,,0,,,,,,,,,0
2014-11-23,,,,,,,,,,,,,,,,,,,,,,,,,,,,,,,,,,,,7.0,,,,,,,,,,,,0,,,,,,,,,0
2014-11-30,,,,,,,,,,,,,,,,,,,,,,,,,,,,,,,,,,,,11.0,,,,,,,,,,,,0,,,,,,,,,0
2014-12-01,0.0,0.0,0.0,6.0,4.0,8.0,0.0,6.0,20.0,0.0,15.0,18.0,0.0,0.0,1.0,53.0,3.0,1.0,0.0,0.0,1.0,10.0,3.0,0.0,4.0,1.0,25.0,5.0,23.0,28.0,1.0,2.0,12.0,18.0,14.0,,2.0,6.8,6.8,11.4,3.6,16.4,9.4,0.2127659574468085,,,,0,,,,,,,,,0
2014-12-07,,,,,,,,,,,,,,,,,,,,,,,,,,,,,,,,,,,,12.0,,,,,,,,,,,,0,,,,,,,,,0
2014-12-14,,,,,,,,,,,,,,,,,,,,,,,,,,,,,,,,,,,,31.0,,,,,,,,,,,,0,,,,,,,,,0
2014-12-21,,,,,,,,,,,,,,,,,,,,,,,,,,,,,,,,,,,,7.0,,,,,,,,,,,,0,,,,,,,,,0
2014-12-28,,,,,,,,,,,,,,,,,,,,,,,,,,,,,,,,,,,,8.0,,,,,,,,,,,,0,,,,,,,,,0
2015-01-01,0.0,0.0,1.0,7.0,5.0,8.0,0.0,7.0,20.0,0.0,14.0,23.0,0.0,0.0,1.0,67.0,4.0,1.0,0.0,0.0,1.0,17.0,4.0,0.0,6.0,2.0,24.0,4.0,28.0,31.0,1.0,2.0,12.0,21.0,15.0,,2.6,7.0,7.6,14.4,5.6,17.8,10.2,0.25490196078431376,,,,0,,,,,,,,,0
2015-01-04,,,,,,,,,,,,,,,,,,,,,,,,,,,,,,,,,,,,11.0,,,,,,,,,,,,0,,,,,,,,,0
2015-01-11,,,,,,,,,,,,,,,,,,,,,,,,,,,,,,,,,,,,10.0,,,,,,,,,,,,0,,,,,,,,,0
2015-01-18,,,,,,,,,,,,,,,,,,,,,,,,,,,,,,,,,,,,7.0,,,,,,,,,,,,0,,,,,,,,,0
2015-01-25,,,,,,,,,,,,,,,,,,,,,,,,,,,,,,,,,,,,12.0,,,,,,,,,,,,0,,,,,,,,,0
2015-02-01,0.0,0.0,0.0,6.0,4.0,8.0,0.0,7.0,12.0,0.0,15.0,23.0,0.0,0.0,1.0,60.0,4.0,1.0,0.0,0.0,1.0,14.0,3.0,0.0,5.0,2.0,23.0,3.0,24.0,33.0,1.0,2.0,12.0,21.0,14.0,10.0,2.0,5.4,7.8,13.0,4.6,17.0,10.0,0.2,,,,0,,,,,,,,,0
2015-02-08,,,,,,,,,,,,,,,,,,,,,,,,,,,,,,,,,,,,8.0,,,,,,,,,,,,0,,,,,,,,,0
2015-02-15,,,,,,,,,,,,,,,,,,,,,,,,,,,,,,,,,,,,16.0,,,,,,,,,,,,0,,,,,,,,,0
2015-02-22,,,,,,,,,,,,,,,,,,,,,,,,,,,,,,,,,,,,61.0,,,,,,,,,,,,0,,,,,,,,,0
2015-03-01,0.0,0.0,0.0,6.0,5.0,8.0,0.0,8.0,9.0,0.0,17.0,27.0,0.0,0.0,2.0,65.0,4.0,1.0,0.0,0.0,1.0,14.0,4.0,0.0,6.0,2.0,23.0,3.0,24.0,33.0,1.0,2.0,11.0,22.0,14.0,20.0,2.2,5.0,9.2,14.0,5.0,17.0,10.0,0.22000000000000003,,,,0,,0.0,,0.0,,4.0,,5.0,0
2015-03-08,,,,,,,,,,,,,,,,,,,,,,,,,,,,,,,,,,,,18.0,,,,,,,,,,,,0,,,,,,,,,0
2015-03-15,,,,,,,,,,,,,,,,,,,,,,,,,,,,,,,,,,,,61.0,,,,,,,,,,,,0,,,,,,,,,0
2015-03-22,,,,,,,,,,,,,,,,,,,,,,,,,,,,,,,,,,,,27.0,,,,,,,,,,,,0,,,,,,,,,0
2015-03-29,,,,,,,,,,,,,,,,,,,,,,,,,,,,,,,,,,,,18.0,,,,,,,,,,,,0,,,,,,,,,0
2015-04-01,0.0,0.0,0.0,6.0,5.0,10.0,0.0,7.0,8.0,0.0,18.0,24.0,0.0,0.0,2.0,66.0,4.0,1.0,0.0,0.0,2.0,13.0,4.0,0.0,6.0,2.0,22.0,4.0,27.0,32.0,1.0,1.0,11.0,22.0,14.0,,2.2,5.0,8.8,14.2,5.0,17.4,9.8,0.22448979591836735,,,,0,,,,,,,,,0
2015-04-05,,,,,,,,,,,,,,,,,,,,,,,,,,,,,,,,,,,,12.0,,,,,,,,,,,,0,,,,,,,,,0
2015-04-12,,,,,,,,,,,,,,,,,,,,,,,,,,,,,,,,,,,,14.0,,,,,,,,,,,,0,,,,,,,,,0
2015-04-19,,,,,,,,,,,,,,,,,,,,,,,,,,,,,,,,,,,,18.0,,,,,,,,,,,,0,,,,,,,,,0
2015-04-26,,,,,,,,,,,,,,,,,,,,,,,,,,,,,,,,,,,,12.0,,,,,,,,,,,,0,,,,,,,,,0
2015-05-01,0.0,0.0,0.0,5.0,5.0,9.0,0.0,7.0,9.0,0.0,15.0,23.0,0.0,0.0,1.0,69.0,4.0,1.0,0.0,0.0,2.0,13.0,3.0,0.0,6.0,2.0,25.0,5.0,24.0,30.0,1.0,1.0,9.0,19.0,12.0,,2.0,5.0,7.8,14.8,4.8,17.2,8.4,0.23809523809523808,,,,0,,,,,,,,,0
2015-05-03,,,,,,,,,,,,,,,,,,,,,,,,,,,,,,,,,,,,27.0,,,,,,,,,,,,0,,,,,,,,,0
2015-05-10,,,,,,,,,,,,,,,,,,,,,,,,,,,,,,,,,,,,14.0,,,,,,,,,,,,0,,,,,,,,,0
2015-05-17,,,,,,,,,,,,,,,,,,,,,,,,,,,,,,,,,,,,25.0,,,,,,,,,,,,0,,,,,,,,,0
2015-05-24,,,,,,,,,,,,,,,,,,,,,,,,,,,,,,,,,,,,16.0,,,,,,,,,,,,0,,,,,,,,,0
2015-05-31,,,,,,,,,,,,,,,,,,,,,,,,,,,,,,,,,,,,13.0,,,,,,,,,,,,0,,,,,,,,,0
2015-06-01,0.0,0.0,0.0,5.0,4.0,7.0,0.0,7.0,8.0,0.0,13.0,24.0,0.0,0.0,1.0,69.0,5.0,1.0,0.0,0.0,2.0,14.0,3.0,0.0,6.0,2.0,27.0,5.0,27.0,36.0,1.0,1.0,10.0,21.0,13.0,,1.8,4.4,7.6,15.0,5.0,19.4,9.2,0.1956521739130435,,,,0,,,,,,,,,0
2015-06-07,,,,,,,,,,,,,,,,,,,,,,,,,,,,,,,,,,,,9.0,,,,,,,,,,,,0,,,,,,,,,0
2015-06-14,,,,,,,,,,,,,,,,,,,,,,,,,,,,,,,,,,,,37.0,,,,,,,,,,,,0,,,,,,,,,0
2015-06-21,,,,,,,,,,,,,,,,,,,,,,,,,,,,,,,,,,,,13.0,,,,,,,,,,,,0,,,,,,,,,0
2015-06-28,,,,,,,,,,,,,,,,,,,,,,,,,,,,,,,,,,,,7.0,,,,,,,,,,,,0,,,,,,,,,0
2015-07-01,0.0,0.0,0.0,5.0,4.0,7.0,0.0,8.0,12.0,0.0,13.0,23.0,0.0,0.0,1.0,72.0,4.0,1.0,0.0,0.0,2.0,14.0,4.0,0.0,6.0,2.0,29.0,6.0,29.0,43.0,1.0,1.0,15.0,21.0,13.0,,1.8,5.4,7.4,15.4,5.2,21.8,10.2,0.17647058823529413,,,,0,,,,,,,,,0
2015-07-05,,,,,,,,,,,,,,,,,,,,,,,,,,,,,,,,,,,,18.0,,,,,,,,,,,,0,,,,,,,,,0
2015-07-12,,,,,,,,,,,,,,,,,,,,,,,,,,,,,,,,,,,,39.0,,,,,,,,,,,,0,,,,,,,,,0
2015-07-19,,,,,,,,,,,,,,,,,,,,,,,,,,,,,,,,,,,,13.0,,,,,,,,,,,,0,,,,,,,,,0
2015-07-26,,,,,,,,,,,,,,,,,,,,,,,,,,,,,,,,,,,,13.0,,,,,,,,,,,,0,,,,,,,,,0
2015-08-01,0.0,0.0,0.0,5.0,4.0,7.0,0.0,8.0,13.0,0.0,13.0,24.0,1.0,0.0,1.0,74.0,4.0,1.0,0.0,0.0,2.0,13.0,4.0,0.0,6.0,2.0,26.0,5.0,29.0,35.0,1.0,2.0,26.0,21.0,14.0,,1.8,5.6,7.8,15.8,5.0,19.4,12.8,0.140625,,,,0,,,,,,,,,0
2015-08-02,,,,,,,,,,,,,,,,,,,,,,,,,,,,,,,,,,,,9.0,,,,,,,,,,,,0,,,,,,,,,0
2015-08-09,,,,,,,,,,,,,,,,,,,,,,,,,,,,,,,,,,,,6.0,,,,,,,,,,,,0,,,,,,,,,0
2015-08-16,,,,,,,,,,,,,,,,,,,,,,,,,,,,,,,,,,,,11.0,,,,,,,,,,,,0,,,,,,,,,0
2015-08-23,,,,,,,,,,,,,,,,,,,,,,,,,,,,,,,,,,,,22.0,,,,,,,,,,,,0,,,,,,,,,0
2015-08-30,,,,,,,,,,,,,,,,,,,,,,,,,,,,,,,,,,,,13.0,,,,,,,,,,,,0,,,,,,,,,0
2015-09-01,0.0,0.0,1.0,5.0,4.0,8.0,0.0,7.0,11.0,0.0,19.0,29.0,3.0,0.0,3.0,68.0,4.0,1.0,0.0,0.0,2.0,11.0,3.0,0.0,5.0,2.0,26.0,5.0,29.0,33.0,1.0,1.0,17.0,19.0,12.0,,2.0,5.2,10.8,14.6,4.2,19.0,10.0,0.2,,,,0,,,,,,,,,0
2015-09-06,,,,,,,,,,,,,,,,,,,,,,,,,,,,,,,,,,,,12.0,,,,,,,,,,,,0,,,,,,,,,0
2015-09-13,,,,,,,,,,,,,,,,,,,,,,,,,,,,,,,,,,,,83.0,,,,,,,,,,,,0,,,,,,,,,0
2015-09-20,,,,,,,,,,,,,,,,,,,,,,,,,,,,,,,,,,,,94.0,,,,,,,,,,,,0,,,,,,,,,0
2015-09-27,,,,,,,,,,,,,,,,,,,,,,,,,,,,,,,,,,,,32.0,,,,,,,,,,,,0,,,,,,,,,0
2015-10-01,0.0,0.0,1.0,5.0,5.0,9.0,0.0,7.0,9.0,0.0,16.0,23.0,0.0,0.0,2.0,65.0,4.0,1.0,0.0,0.0,1.0,10.0,3.0,0.0,5.0,2.0,24.0,4.0,25.0,32.0,1.0,1.0,13.0,19.0,12.0,,2.2,5.0,8.2,14.0,3.8,17.4,9.2,0.23913043478260873,,,,0,,,,,,,,,0
2015-10-04,,,,,,,,,,,,,,,,,,,,,,,,,,,,,,,,,,,,26.0,,,,,,,,,,,,0,,,,,,,,,0
2015-10-11,,,,,,,,,,,,,,,,,,,,,,,,,,,,,,,,,,,,13.0,,,,,,,,,,,,0,,,,,,,,,0
2015-10-18,,,,,,,,,,,,,,,,,,,,,,,,,,,,,,,,,,,,13.0,,,,,,,,,,,,0,,,,,,,,,0
2015-10-25,,,,,,,,,,,,,,,,,,,,,,,,,,,,,,,,,,,,17.0,,,,,,,,,,,,0,,,,,,,,,0
2015-11-01,0.0,0.0,0.0,5.0,5.0,9.0,0.0,6.0,9.0,0.0,18.0,22.0,1.0,0.0,1.0,56.0,4.0,1.0,0.0,0.0,1.0,9.0,3.0,0.0,5.0,2.0,23.0,4.0,24.0,29.0,1.0,1.0,11.0,18.0,11.0,32.0,2.0,4.8,8.4,12.2,3.6,16.4,8.4,0.23809523809523808,,,,0,,,,,,,,,0
2015-11-08,,,,,,,,,,,,,,,,,,,,,,,,,,,,,,,,,,,,26.0,,,,,,,,,,,,0,,,,,,,,,0
2015-11-15,,,,,,,,,,,,,,,,,,,,,,,,,,,,,,,,,,,,17.0,,,,,,,,,,,,0,,,,,,,,,0
2015-11-22,,,,,,,,,,,,,,,,,,,,,,,,,,,,,,,,,,,,16.0,,,,,,,,,,,,0,,,,,,,,,0
2015-11-29,,,,,,,,,,,,,,,,,,,,,,,,,,,,,,,,,,,,54.0,,,,,,,,,,,,0,,,,,,,,,0
2015-12-01,0.0,0.0,0.0,5.0,4.0,9.0,0.0,6.0,9.0,0.0,18.0,30.0,4.0,0.0,2.0,53.0,3.0,1.0,0.0,0.0,1.0,9.0,3.0,0.0,5.0,2.0,28.0,4.0,23.0,28.0,1.0,1.0,11.0,19.0,13.0,,1.8,4.8,10.8,11.4,3.6,17.0,9.0,0.2,,,,0,,,,,,,,,0
2015-12-06,,,,,,,,,,,,,,,,,,,,,,,,,,,,,,,,,,,,23.0,,,,,,,,,,,,0,,,,,,,,,0
2015-12-13,,,,,,,,,,,,,,,,,,,,,,,,,,,,,,,,,,,,80.0,,,,,,,,,,,,0,,,,,,,,,0
2015-12-20,,,,,,,,,,,,,,,,,,,,,,,,,,,,,,,,,,,,10.0,,,,,,,,,,,,0,,,,,,,,,0
2015-12-27,,,,,,,,,,,,,,,,,,,,,,,,,,,,,,,,,,,,8.0,,,,,,,,,,,,0,,,,,,,,,0
2016-01-01,0.0,0.0,1.0,7.0,4.0,7.0,0.0,7.0,12.0,0.0,13.0,23.0,0.0,0.0,1.0,67.0,5.0,1.0,0.0,0.0,2.0,10.0,4.0,0.0,7.0,2.0,30.0,5.0,26.0,34.0,1.0,2.0,22.0,19.0,13.0,,2.4,5.2,7.4,14.6,4.6,19.4,11.4,0.21052631578947367,,,,0,,,,,,,,,0
2016-01-03,,,,,,,,,,,,,,,,,,,,,,,,,,,,,,,,,,,,10.0,,,,,,,,,,,,0,,,,,,,,,0
2016-01-10,,,,,,,,,,,,,,,,,,,,,,,,,,,,,,,,,,,,10.0,,,,,,,,,,,,0,,,,,,,,,0
2016-01-17,,,,,,,,,,,,,,,,,,,,,,,,,,,,,,,,,,,,9.0,,,,,,,,,,,,0,,,,,,,,,0
2016-01-24,,,,,,,,,,,,,,,,,,,,,,,,,,,,,,,,,,,,18.0,,,,,,,,,,,,0,,,,,,,,,0
2016-01-31,,,,,,,,,,,,,,,,,,,,,,,,,,,,,,,,,,,,11.0,,,,,,,,,,,,0,,,,,,,,,0
2016-02-01,0.0,0.0,1.0,6.0,5.0,9.0,0.0,7.0,11.0,0.0,16.0,31.0,0.0,0.0,1.0,66.0,4.0,1.0,0.0,0.0,2.0,12.0,4.0,0.0,7.0,2.0,28.0,4.0,23.0,40.0,1.0,2.0,17.0,20.0,12.0,,2.4,5.4,9.6,14.2,5.0,19.4,10.4,0.23076923076923075,,,,0,,,,,,,,,0
2016-02-07,,,,,,,,,,,,,,,,,,,,,,,,,,,,,,,,,,,,77.0,,,,,,,,,,,,0,,,,,,,,,0
2016-02-14,,,,,,,,,,,,,,,,,,,,,,,,,,,,,,,,,,,,17.0,,,,,,,,,,,,0,,,,,,,,,0
2016-02-21,,,,,,,,,,,,,,,,,,,,,,,,,,,,,,,,,,,,12.0,,,,,,,,,,,,0,,,,,,,,,0
2016-02-28,,,,,,,,,,,,,,,,,,,,,,,,,,,,,,,,,,,,19.0,,,,,,,,,,,,0,,,,,,,,,0
2016-03-01,0.0,0.0,1.0,5.0,5.0,9.0,0.0,7.0,8.0,0.0,17.0,23.0,0.0,0.0,1.0,64.0,4.0,1.0,0.0,0.0,2.0,11.0,4.0,0.0,6.0,2.0,28.0,4.0,24.0,37.0,1.0,2.0,13.0,22.0,12.0,,2.2,4.8,8.2,13.8,4.6,19.0,10.0,0.22000000000000003,,,,0,,,,,,,,,0
2016-03-06,,,,,,,,,,,,,,,,,,,,,,,,,,,,,,,,,,,,10.0,,,,,,,,,,,,0,,,,,,,,,0
2016-03-13,,,,,,,,,,,,,,,,,,,,,,,,,,,,,,,,,,,,25.0,,,,,,,,,,,,0,,,,,,,,,0
2016-03-20,,,,,,,,,,,,,,,,,,,,,,,,,,,,,,,,,,,,8.0,,,,,,,,,,,,0,,,,,,,,,0
2016-03-27,,,,,,,,,,,,,,,,,,,,,,,,,,,,,,,,,,,,46.0,,,,,,,,,,,,0,,,,,,,,,0
2016-04-01,0.0,0.0,1.0,5.0,6.0,9.0,0.0,7.0,7.0,0.0,19.0,24.0,0.0,0.0,2.0,63.0,4.0,1.0,0.0,0.0,2.0,12.0,4.0,0.0,7.0,2.0,29.0,5.0,23.0,40.0,1.0,1.0,11.0,22.0,12.0,,2.4,4.6,9.0,13.6,5.0,19.8,9.4,0.2553191489361702,,,,0,,,,,,,,,0
2016-04-03,,,,,,,,,,,,,,,,,,,,,,,,,,,,,,,,,,,,20.0,,,,,,,,,,,,0,,,,,,,,,0
2016-04-10,,,,,,,,,,,,,,,,,,,,,,,,,,,,,,,,,,,,24.0,,,,,,,,,,,,0,,,,,,,,,0
2016-04-17,,,,,,,,,,,,,,,,,,,,,,,,,,,,,,,,,,,,14.0,,,,,,,,,,,,0,,,,,,,,,0
2016-04-24,,,,,,,,,,,,,,,,,,,,,,,,,,,,,,,,,,,,17.0,,,,,,,,,,,,0,,,,,,,,,0
2016-05-01,0.0,0.0,0.0,5.0,5.0,8.0,0.0,7.0,7.0,0.0,16.0,23.0,1.0,0.0,1.0,66.0,5.0,1.0,0.0,0.0,2.0,11.0,4.0,0.0,6.0,2.0,32.0,6.0,24.0,37.0,1.0,1.0,10.0,21.0,9.0,15.0,2.0,4.4,8.2,14.4,4.6,20.2,8.4,0.23809523809523808,,,,0,,,,,,,,,0
2016-05-08,,,,,,,,,,,,,,,,,,,,,,,,,,,,,,,,,,,,10.0,,,,,,,,,,,,0,,,,,,,,,0
2016-05-15,,,,,,,,,,,,,,,,,,,,,,,,,,,,,,,,,,,,10.0,,,,,,,,,,,,0,,,,,,,,,0
2016-05-22,,,,,,,,,,,,,,,,,,,,,,,,,,,,,,,,,,,,35.0,,,,,,,,,,,,0,,,,,,,,,0
2016-05-29,,,,,,,,,,,,,,,,,,,,,,,,,,,,,,,,,,,,13.0,,,,,,,,,,,,0,,,,,,,,,0
2016-06-01,0.0,0.0,0.0,5.0,4.0,6.0,0.0,7.0,7.0,0.0,12.0,22.0,0.0,0.0,1.0,69.0,5.0,1.0,0.0,0.0,2.0,14.0,3.0,0.0,6.0,2.0,34.0,6.0,25.0,36.0,0.0,1.0,14.0,19.0,12.0,,1.8,4.0,7.0,15.0,5.0,20.6,9.2,0.1956521739130435,,,,0,,,,,,,,,0
2016-06-05,,,,,,,,,,,,,,,,,,,,,,,,,,,,,,,,,,,,39.0,,,,,,,,,,,,0,,,,,,,,,0
2016-06-12,,,,,,,,,,,,,,,,,,,,,,,,,,,,,,,,,,,,31.0,,,,,,,,,,,,0,,,,,,,,,0
2016-06-19,,,,,,,,,,,,,,,,,,,,,,,,,,,,,,,,,,,,40.0,,,,,,,,,,,,0,,,,,,,,,0
2016-06-26,,,,,,,,,,,,,,,,,,,,,,,,,,,,,,,,,,,,9.0,,,,,,,,,,,,0,,,,,,,,,0
2016-07-01,0.0,0.0,0.0,5.0,3.0,6.0,0.0,7.0,7.0,0.0,10.0,22.0,0.0,0.0,1.0,66.0,5.0,1.0,0.0,0.0,2.0,16.0,4.0,0.0,6.0,2.0,35.0,7.0,25.0,36.0,1.0,1.0,10.0,19.0,12.0,,1.6,4.0,6.6,14.4,5.6,21.0,8.6,0.186046511627907,,,,0,,,,,,,,,0
2016-07-03,,,,,,,,,,,,,,,,,,,,,,,,,,,,,,,,,,,,9.0,,,,,,,,,,,,0,,,,,,,,,0
2016-07-10,,,,,,,,,,,,,,,,,,,,,,,,,,,,,,,,,,,,9.0,,,,,,,,,,,,0,,,,,,,,,0
2016-07-17,,,,,,,,,,,,,,,,,,,,,,,,,,,,,,,,,,,,6.0,,,,,,,,,,,,0,,,,,,,,,0
2016-07-24,,,,,,,,,,,,,,,,,,,,,,,,,,,,,,,,,,,,13.0,,,,,,,,,,,,0,,,,,,,,,0
2016-07-31,,,,,,,,,,,,,,,,,,,,,,,,,,,,,,,,,,,,7.0,,,,,,,,,,,,0,,,,,,,,,0
2016-08-01,0.0,0.0,0.0,5.0,4.0,6.0,0.0,6.0,6.0,0.0,11.0,20.0,1.0,0.0,1.0,70.0,5.0,1.0,0.0,0.0,2.0,13.0,3.0,0.0,6.0,2.0,33.0,6.0,29.0,35.0,0.0,1.0,8.0,19.0,11.0,,1.8,3.6,6.6,15.2,4.8,21.0,7.8,0.23076923076923078,,,,0,,,,,,,,,0
2016-08-07,,,,,,,,,,,,,,,,,,,,,,,,,,,,,,,,,,,,7.0,,,,,,,,,,,,0,,,,,,,,,0
2016-08-14,,,,,,,,,,,,,,,,,,,,,,,,,,,,,,,,,,,,8.0,,,,,,,,,,,,0,,,,,,,,,0
2016-08-21,,,,,,,,,,,,,,,,,,,,,,,,,,,,,,,,,,,,100.0,,,,,,,,,,,,0,,,,,,,,,0
2016-08-28,,,,,,,,,,,,,,,,,,,,,,,,,,,,,,,,,,,,23.0,,,,,,,,,,,,0,,,,,,,,,0
2016-09-01,0.0,0.0,0.0,4.0,5.0,7.0,0.0,6.0,8.0,0.0,13.0,23.0,1.0,0.0,2.0,63.0,4.0,1.0,0.0,0.0,2.0,11.0,3.0,0.0,5.0,2.0,32.0,5.0,26.0,35.0,1.0,1.0,10.0,19.0,11.0,,1.8,4.2,7.8,13.6,4.2,20.0,8.4,0.21428571428571427,,,,0,,,,,,,,,0
2016-09-04,,,,,,,,,,,,,,,,,,,,,,,,,,,,,,,,,,,,13.0,,,,,,,,,,,,0,,,,,,,,,0
2016-09-11,,,,,,,,,,,,,,,,,,,,,,,,,,,,,,,,,,,,17.0,,,,,,,,,,,,0,,,,,,,,,0
2016-09-18,,,,,,,,,,,,,,,,,,,,,,,,,,,,,,,,,,,,37.0,,,,,,,,,,,,0,,,,,,,,,0
2016-09-25,,,,,,,,,,,,,,,,,,,,,,,,,,,,,,,,,,,,35.0,,,,,,,,,,,,0,,,,,,,,,0
2016-10-01,0.0,0.0,0.0,5.0,5.0,8.0,0.0,6.0,6.0,0.0,15.0,22.0,0.0,0.0,1.0,65.0,4.0,1.0,0.0,0.0,2.0,10.0,3.0,0.0,6.0,2.0,31.0,5.0,26.0,33.0,1.0,1.0,10.0,18.0,11.0,,2.0,4.0,7.6,14.0,4.2,19.4,8.2,0.24390243902439027,,,,0,,,,,,,,,0
2016-10-02,,,,,,,,,,,,,,,,,,,,,,,,,,,,,,,,,,,,11.0,,,,,,,,,,,,0,,,,,,,,,0
2016-10-09,,,,,,,,,,,,,,,,,,,,,,,,,,,,,,,,,,,,16.0,,,,,,,,,,,,0,,,,,,,,,0
2016-10-16,,,,,,,,,,,,,,,,,,,,,,,,,,,,,,,,,,,,11.0,,,,,,,,,,,,0,,,,,,,,,0
2016-10-23,,,,,,,,,,,,,,,,,,,,,,,,,,,,,,,,,,,,10.0,,,,,,,,,,,,0,,,,,,,,,0
2016-10-30,,,,,,,,,,,,,,,,,,,,,,,,,,,,,,,,,,,,13.0,,,,,,,,,,,,0,,,,,,,,,0
2016-11-01,0.0,0.0,0.0,5.0,5.0,9.0,0.0,6.0,6.0,0.0,18.0,29.0,1.0,0.0,1.0,60.0,4.0,1.0,0.0,0.0,2.0,15.0,3.0,0.0,6.0,2.0,29.0,5.0,24.0,32.0,1.0,2.0,24.0,18.0,12.0,,2.0,4.2,9.8,13.0,5.2,18.4,11.4,0.17543859649122806,,,,0,,,,,,,,,0
2016-11-06,,,,,,,,,,,,,,,,,,,,,,,,,,,,,,,,,,,,32.0,,,,,,,,,,,,0,,,,,,,,,0
2016-11-13,,,,,,,,,,,,,,,,,,,,,,,,,,,,,,,,,,,,46.0,,,,,,,,,,,,0,,,,,,,,,0
2016-11-20,,,,,,,,,,,,,,,,,,,,,,,,,,,,,,,,,,,,14.0,,,,,,,,,,,,0,,,,,,,,,0
2016-11-27,,,,,,,,,,,,,,,,,,,,,,,,,,,,,,,,,,,,17.0,,,,,,,,,,,,0,,,,,,,,,0
2016-12-01,0.0,0.0,0.0,5.0,5.0,8.0,0.0,6.0,6.0,0.0,17.0,29.0,2.0,0.0,2.0,54.0,4.0,1.0,0.0,0.0,2.0,13.0,3.0,0.0,6.0,2.0,34.0,7.0,21.0,30.0,1.0,2.0,12.0,18.0,13.0,,2.0,4.0,10.0,11.8,4.8,18.8,9.2,0.2173913043478261,,,,0,,,,,,,,,0
2016-12-04,,,,,,,,,,,,,,,,,,,,,,,,,,,,,,,,,,,,14.0,,,,,,,,,,,,0,,,,,,,,,0
2016-12-11,,,,,,,,,,,,,,,,,,,,,,,,,,,,,,,,,,,,60.0,,,,,,,,,,,,0,,,,,,,,,0
2016-12-18,,,,,,,,,,,,,,,,,,,,,,,,,,,,,,,,,,,,17.0,,,,,,,,,,,,0,,,,,,,,,0
2016-12-25,,,,,,,,,,,,,,,,,,,,,,,,,,,,,,,,,,,,7.0,,,,,,,,,,,,0,,,,,,,,,0
2017-01-01,0.0,0.0,1.0,6.0,5.0,7.0,0.0,7.0,7.0,0.0,13.0,25.0,0.0,0.0,1.0,66.0,6.0,1.0,0.0,0.0,2.0,12.0,3.0,0.0,7.0,2.0,32.0,5.0,27.0,34.0,1.0,2.0,12.0,22.0,15.0,8.0,2.4,4.2,7.8,14.6,4.8,20.0,10.4,0.23076923076923075,,,,0,,,,,,,,,0
2017-01-08,,,,,,,,,,,,,,,,,,,,,,,,,,,,,,,,,,,,10.0,,,,,,,,,,,,0,,,,,,,,,0
2017-01-15,,,,,,,,,,,,,,,,,,,,,,,,,,,,,,,,,,,,23.0,,,,,,,,,,,,0,,,,,,,,,0
2017-01-22,,,,,,,,,,,,,,,,,,,,,,,,,,,,,,,,,,,,12.0,,,,,,,,,,,,0,,,,,,,,,0
2017-01-29,,,,,,,,,,,,,,,,,,,,,,,,,,,,,,,,,,,,17.0,,,,,,,,,,,,0,,,,,,,,,0
2017-02-01,0.0,0.0,0.0,5.0,5.0,9.0,0.0,7.0,6.0,0.0,14.0,26.0,0.0,0.0,1.0,62.0,5.0,1.0,0.0,0.0,2.0,11.0,3.0,0.0,7.0,2.0,30.0,5.0,23.0,34.0,1.0,2.0,13.0,22.0,14.0,,2.0,4.4,8.2,13.6,4.6,18.8,10.4,0.1923076923076923,,,,0,,,,,,,,,0
2017-02-05,,,,,,,,,,,,,,,,,,,,,,,,,,,,,,,,,,,,11.0,,,,,,,,,,,,0,,,,,,,,,0
2017-02-12,,,,,,,,,,,,,,,,,,,,,,,,,,,,,,,,,,,,53.0,,,,,,,,,,,,0,,,,,,,,,0
2017-02-19,,,,,,,,,,,,,,,,,,,,,,,,,,,,,,,,,,,,16.0,,,,,,,,,,,,0,,,,,,,,,0
2017-02-26,,,,,,,,,,,,,,,,,,,,,,,,,,,,,,,,,,,,37.0,,,,,,,,,,,,0,,,,,,,,,0
2017-03-01,0.0,0.0,0.0,5.0,5.0,9.0,0.0,7.0,6.0,0.0,17.0,32.0,2.0,0.0,2.0,65.0,4.0,1.0,0.0,0.0,2.0,13.0,3.0,0.0,7.0,2.0,26.0,4.0,21.0,36.0,1.0,2.0,13.0,22.0,14.0,,2.0,4.4,10.6,14.0,5.0,17.8,10.4,0.1923076923076923,,,,0,,,,,,,,,0
2017-03-05,,,,,,,,,,,,,,,,,,,,,,,,,,,,,,,,,,,,18.0,,,,,,,,,,,,0,,,,,,,,,0
2017-03-12,,,,,,,,,,,,,,,,,,,,,,,,,,,,,,,,,,,,49.0,,,,,,,,,,,,0,,,,,,,,,0
2017-03-19,,,,,,,,,,,,,,,,,,,,,,,,,,,,,,,,,,,,19.0,,,,,,,,,,,,0,,,,,,,,,0
2017-03-26,,,,,,,,,,,,,,,,,,,,,,,,,,,,,,,,,,,,12.0,,,,,,,,,,,,0,,,,,,,,,0
2017-04-01,0.0,0.0,2.0,5.0,5.0,9.0,0.0,7.0,7.0,0.0,17.0,27.0,0.0,0.0,1.0,67.0,5.0,1.0,0.0,0.0,3.0,12.0,4.0,0.0,7.0,2.0,29.0,5.0,21.0,35.0,1.0,2.0,11.0,22.0,13.0,,2.4,4.6,9.0,14.6,5.2,18.4,9.8,0.24489795918367344,,,,0,,,,,,,,,0
2017-04-02,,,,,,,,,,,,,,,,,,,,,,,,,,,,,,,,,,,,13.0,,,,,,,,,,,,0,,,,,,,,,0
2017-04-09,,,,,,,,,,,,,,,,,,,,,,,,,,,,,,,,,,,,26.0,,,,,,,,,,,,0,,,,,,,,,0
2017-04-16,,,,,,,,,,,,,,,,,,,,,,,,,,,,,,,,,,,,23.0,,,,,,,,,,,,0,,,,,,,,,0
2017-04-23,,,,,,,,,,,,,,,,,,,,,,,,,,,,,,,,,,,,14.0,,,,,,,,,,,,0,,,,,,,,,0
2017-04-30,,,,,,,,,,,,,,,,,,,,,,,,,,,,,,,,,,,,16.0,,,,,,,,,,,,0,,,,,,,,,0
2017-05-01,0.0,0.0,0.0,4.0,5.0,8.0,0.0,7.0,6.0,0.0,14.0,23.0,0.0,0.0,1.0,70.0,5.0,1.0,0.0,0.0,2.0,12.0,4.0,0.0,7.0,2.0,33.0,6.0,23.0,38.0,1.0,2.0,11.0,22.0,12.0,,1.8,4.2,7.6,15.2,5.0,20.4,9.6,0.1875,,,,0,,,,,,,,,0
2017-05-07,,,,,,,,,,,,,,,,,,,,,,,,,,,,,,,,,,,,13.0,,,,,,,,,,,,0,,,,,,,,,0
2017-05-14,,,,,,,,,,,,,,,,,,,,,,,,,,,,,,,,,,,,8.0,,,,,,,,,,,,0,,,,,,,,,0
2017-05-21,,,,,,,,,,,,,,,,,,,,,,,,,,,,,,,,,,,,8.0,,,,,,,,,,,,0,,,,,,,,,0
2017-05-28,,,,,,,,,,,,,,,,,,,,,,,,,,,,,,,,,,,,12.0,,,,,,,,,,,,0,,,,,,,,,0
2017-06-01,0.0,0.0,0.0,4.0,4.0,6.0,0.0,7.0,7.0,0.0,11.0,24.0,1.0,0.0,1.0,69.0,5.0,1.0,0.0,0.0,2.0,12.0,4.0,0.0,7.0,3.0,36.0,6.0,26.0,36.0,1.0,2.0,11.0,21.0,12.0,,1.6,4.0,7.4,15.0,5.0,21.4,9.4,0.1702127659574468,,,,0,,,,,,,,,0
2017-06-04,,,,,,,,,,,,,,,,,,,,,,,,,,,,,,,,,,,,10.0,,,,,,,,,,,,0,,,,,,,,,0
2017-06-11,,,,,,,,,,,,,,,,,,,,,,,,,,,,,,,,,,,,24.0,,,,,,,,,,,,0,,,,,,,,,0
2017-06-18,,,,,,,,,,,,,,,,,,,,,,,,,,,,,,,,,,,,8.0,,,,,,,,,,,,0,,,,,,,,,0
2017-06-25,,,,,,,,,,,,,,,,,,,,,,,,,,,,,,,,,,,,18.0,,,,,,,,,,,,0,,,,,,,,,0
2017-07-01,0.0,0.0,0.0,5.0,4.0,6.0,0.0,7.0,7.0,0.0,14.0,22.0,0.0,0.0,1.0,76.0,5.0,1.0,0.0,0.0,2.0,12.0,4.0,0.0,7.0,2.0,37.0,7.0,25.0,34.0,1.0,2.0,10.0,21.0,13.0,,1.8,4.0,7.4,16.4,5.0,21.0,9.4,0.19148936170212766,,,,0,,,,,,,,,0
2017-07-02,,,,,,,,,,,,,,,,,,,,,,,,,,,,,,,,,,,,11.0,,,,,,,,,,,,0,,,,,,,,,0
2017-07-09,,,,,,,,,,,,,,,,,,,,,,,,,,,,,,,,,,,,47.0,,,,,,,,,,,,0,,,,,,,,,0
2017-07-16,,,,,,,,,,,,,,,,,,,,,,,,,,,,,,,,,,,,8.0,,,,,,,,,,,,0,,,,,,,,,0
2017-07-23,,,,,,,,,,,,,,,,,,,,,,,,,,,,,,,,,,,,10.0,,,,,,,,,,,,0,,,,,,,,,0
2017-07-30,,,,,,,,,,,,,,,,,,,,,,,,,,,,,,,,,,,,8.0,,,,,,,,,,,,0,,,,,,,,,0
2017-08-01,0.0,0.0,0.0,4.0,4.0,6.0,0.0,7.0,11.0,0.0,13.0,19.0,0.0,0.0,0.0,72.0,5.0,1.0,0.0,0.0,2.0,10.0,4.0,0.0,7.0,2.0,34.0,6.0,25.0,32.0,1.0,2.0,11.0,21.0,13.0,,1.6,4.8,6.4,15.6,4.6,19.8,9.6,0.16666666666666669,,,,0,,,,,,,,,0
2017-08-06,,,,,,,,,,,,,,,,,,,,,,,,,,,,,,,,,,,,6.0,,,,,,,,,,,,0,,,,,,,,,0
2017-08-13,,,,,,,,,,,,,,,,,,,,,,,,,,,,,,,,,,,,8.0,,,,,,,,,,,,0,,,,,,,,,0
2017-08-20,,,,,,,,,,,,,,,,,,,,,,,,,,,,,,,,,,,,29.0,,,,,,,,,,,,0,,,,,,,,,0
2017-08-27,,,,,,,,,,,,,,,,,,,,,,,,,,,,,,,,,,,,11.0,,,,,,,,,,,,0,,,,,,,,,0
2017-09-01,0.0,0.0,0.0,4.0,4.0,7.0,0.0,6.0,12.0,0.0,12.0,22.0,0.0,0.0,1.0,68.0,5.0,1.0,0.0,0.0,2.0,10.0,3.0,0.0,6.0,2.0,32.0,6.0,34.0,34.0,1.0,2.0,10.0,20.0,12.0,,1.6,5.0,7.0,14.8,4.2,21.6,9.0,0.17777777777777778,,,,0,,,,,,,,,0
2017-09-03,,,,,,,,,,,,,,,,,,,,,,,,,,,,,,,,,,,,14.0,,,,,,,,,,,,0,,,,,,,,,0
2017-09-10,,,,,,,,,,,,,,,,,,,,,,,,,,,,,,,,,,,,12.0,,,,,,,,,,,,0,,,,,,,,,0
2017-09-17,,,,,,,,,,,,,,,,,,,,,,,,,,,,,,,,,,,,32.0,,,,,,,,,,,,0,,,,,,,,,0
2017-09-24,,,,,,,,,,,,,,,,,,,,,,,,,,,,,,,,,,,,19.0,,,,,,,,,,,,0,,,,,,,,,0
2017-10-01,0.0,0.0,0.0,4.0,5.0,9.0,0.0,6.0,6.0,0.0,15.0,23.0,0.0,0.0,1.0,65.0,5.0,1.0,0.0,0.0,2.0,10.0,3.0,0.0,6.0,2.0,30.0,6.0,34.0,32.0,1.0,2.0,12.0,23.0,16.0,14.0,1.8,4.2,7.8,14.2,4.2,20.8,10.8,0.16666666666666666,,,,0,,,,,,,,,0
2017-10-08,,,,,,,,,,,,,,,,,,,,,,,,,,,,,,,,,,,,10.0,,,,,,,,,,,,0,,,,,,,,,0
2017-10-15,,,,,,,,,,,,,,,,,,,,,,,,,,,,,,,,,,,,21.0,,,,,,,,,,,,0,,,,,,,,,0
2017-10-22,,,,,,,,,,,,,,,,,,,,,,,,,,,,,,,,,,,,21.0,,,,,,,,,,,,0,,,,,,,,,0
2017-10-29,,,,,,,,,,,,,,,,,,,,,,,,,,,,,,,,,,,,60.0,,,,,,,,,,,,0,,,,,,,,,0
2017-11-01,0.0,0.0,1.0,4.0,5.0,9.0,0.0,7.0,8.0,0.0,18.0,22.0,0.0,0.0,1.0,60.0,5.0,1.0,0.0,0.0,2.0,8.0,3.0,0.0,6.0,2.0,30.0,6.0,25.0,32.0,1.0,2.0,14.0,20.0,14.0,,2.0,4.8,8.2,13.2,3.8,19.0,10.2,0.19607843137254904,,,,0,,,,,,,,,0
2017-11-05,,,,,,,,,,,,,,,,,,,,,,,,,,,,,,,,,,,,15.0,,,,,,,,,,,,0,,,,,,,,,0
2017-11-12,,,,,,,,,,,,,,,,,,,,,,,,,,,,,,,,,,,,11.0,,,,,,,,,,,,0,,,,,,,,,0
2017-11-19,,,,,,,,,,,,,,,,,,,,,,,,,,,,,,,,,,,,28.0,,,,,,,,,,,,0,,,,,,,,,0
2017-11-26,,,,,,,,,,,,,,,,,,,,,,,,,,,,,,,,,,,,21.0,,,,,,,,,,,,0,,,,,,,,,0
2017-12-01,0.0,0.0,0.0,5.0,5.0,8.0,0.0,6.0,7.0,0.0,14.0,21.0,1.0,0.0,1.0,57.0,4.0,1.0,0.0,0.0,2.0,8.0,3.0,0.0,6.0,2.0,35.0,6.0,22.0,27.0,2.0,3.0,14.0,23.0,14.0,,2.0,4.2,7.4,12.4,3.8,18.4,11.2,0.17857142857142858,,,,0,,,,,,,,,0
2017-12-03,,,,,,,,,,,,,,,,,,,,,,,,,,,,,,,,,,,,11.0,,,,,,,,,,,,0,,,,,,,,,0
2017-12-10,,,,,,,,,,,,,,,,,,,,,,,,,,,,,,,,,,,,35.0,,,,,,,,,,,,0,,,,,,,,,0
2017-12-17,,,,,,,,,,,,,,,,,,,,,,,,,,,,,,,,,,,,10.0,,,,,,,,,,,,0,,,,,,,,,0
2017-12-24,,,,,,,,,,,,,,,,,,,,,,,,,,,,,,,,,,,,5.0,,,,,,,,,,,,0,,,,,,,,,0
2017-12-31,,,,,,,,,,,,,,,,,,,,,,,,,,,,,,,,,,,,8.0,,,,,,,,,,,,0,,,,,,,,,0
2018-01-01,0.0,0.0,1.0,7.0,5.0,8.0,0.0,8.0,7.0,0.0,12.0,23.0,0.0,0.0,1.0,73.0,5.0,1.0,0.0,0.0,2.0,11.0,4.0,0.0,8.0,2.0,31.0,5.0,28.0,31.0,2.0,3.0,18.0,25.0,19.0,,2.6,4.6,7.2,15.8,5.0,19.4,13.4,0.19402985074626866,,,,0,,,,,,,,,0
2018-01-07,,,,,,,,,,,,,,,,,,,,,,,,,,,,,,,,,,,,7.0,,,,,,,,,,,,0,,,,,,,,,0
2018-01-14,,,,,,,,,,,,,,,,,,,,,,,,,,,,,,,,,,,,7.0,,,,,,,,,,,,0,,,,,,,,,0
2018-01-21,,,,,,,,,,,,,,,,,,,,,,,,,,,,,,,,,,,,15.0,,,,,,,,,,,,0,,,,,,,,,0
2018-01-28,,,,,,,,,,,,,,,,,,,,,,,,,,,,,,,,,,,,50.0,,,,,,,,,,,,0,,,,,,,,,0
2018-02-01,0.0,1.0,0.0,5.0,6.0,11.0,0.0,7.0,7.0,0.0,15.0,33.0,0.0,0.0,1.0,65.0,5.0,1.0,0.0,0.0,3.0,14.0,4.0,0.0,7.0,2.0,29.0,4.0,28.0,33.0,1.0,3.0,36.0,23.0,16.0,9.0,2.4,5.0,9.8,14.2,5.6,19.2,15.8,0.15189873417721517,,,,0,,,,,,,,,0
2018-03-01,0.0,0.0,0.0,4.0,5.0,9.0,0.0,7.0,7.0,0.0,15.0,30.0,1.0,0.0,1.0,69.0,5.0,1.0,0.0,0.0,3.0,13.0,3.0,0.0,7.0,2.0,31.0,4.0,21.0,38.0,1.0,2.0,20.0,22.0,15.0,4.0,1.8,4.6,9.4,15.0,5.2,19.2,12.0,0.15,,,,0,0.0,,-2.0,,-3.0,,4.0,,0
2018-04-01,0.0,0.0,0.0,5.0,6.0,10.0,0.0,8.0,10.0,0.0,16.0,29.0,0.0,0.0,1.0,70.0,5.0,1.0,0.0,0.0,3.0,12.0,4.0,0.0,8.0,2.0,28.0,4.0,22.0,33.0,1.0,2.0,18.0,24.0,13.0,2.0,2.2,5.6,9.2,15.2,5.4,17.8,11.6,0.18965517241379312,,,,0,0.0,,1.0,,-1.0,,1.0,,0
2018-05-01,0.0,0.0,0.0,4.0,5.0,9.0,1.0,7.0,16.0,0.0,14.0,28.0,0.0,0.0,1.0,72.0,6.0,1.0,0.0,0.0,3.0,13.0,4.0,0.0,7.0,2.0,32.0,6.0,21.0,31.0,1.0,2.0,13.0,21.0,13.0,1.0,1.8,6.6,8.6,15.8,5.4,18.4,10.0,0.18,,,,0,0.0,,-1.0,,-1.0,,2.0,,0
2018-06-01,0.0,0.0,0.0,4.0,5.0,7.0,0.0,8.0,10.0,0.0,10.0,28.0,1.0,0.0,1.0,73.0,6.0,1.0,0.0,0.0,3.0,12.0,4.0,0.0,7.0,3.0,36.0,6.0,23.0,30.0,1.0,2.0,13.0,23.0,13.0,1.0,1.8,5.0,8.0,16.0,5.2,19.6,10.4,0.17307692307692307,,,,0,0.0,0.0,-2.0,-4.0,0.0,-5.0,1.0,8.0,0
2018-07-01,0.0,0.0,0.0,5.0,4.0,7.0,0.0,8.0,9.0,0.0,10.0,26.0,0.0,0.0,1.0,73.0,6.0,1.0,0.0,0.0,4.0,11.0,4.0,1.0,8.0,3.0,36.0,6.0,26.0,29.0,1.0,2.0,13.0,23.0,14.0,2.0,1.8,4.8,7.4,16.0,5.6,20.0,10.6,0.169811320754717,,,,0,0.0,0.0,0.0,-2.0,-2.0,-4.0,0.0,4.0,0
2018-08-01,0.0,0.0,0.0,4.0,4.0,7.0,0.0,8.0,8.0,0.0,9.0,23.0,0.0,0.0,1.0,74.0,6.0,1.0,0.0,0.0,4.0,10.0,4.0,1.0,7.0,3.0,35.0,6.0,26.0,34.0,1.0,2.0,14.0,22.0,15.0,2.0,1.6,4.6,6.6,16.2,5.2,20.8,10.8,0.14814814814814814,,,,0,0.0,0.0,0.0,-3.0,-3.0,-6.0,1.0,4.0,0
2018-09-01,0.0,0.0,0.0,4.0,5.0,8.0,0.0,7.0,8.0,0.0,11.0,26.0,1.0,0.0,1.0,69.0,6.0,1.0,0.0,0.0,3.0,9.0,4.0,0.0,6.0,2.0,32.0,6.0,24.0,28.0,1.0,2.0,13.0,21.0,13.0,2.0,1.8,4.6,7.8,15.2,4.4,18.4,10.0,0.18,,,,0,0.0,0.0,1.0,-1.0,3.0,-2.0,-5.0,-3.0,0
2018-10-01,0.0,0.0,0.0,4.0,5.0,9.0,0.0,7.0,8.0,0.0,15.0,32.0,1.0,0.0,1.0,69.0,5.0,1.0,0.0,0.0,4.0,11.0,3.0,0.0,6.0,2.0,31.0,6.0,25.0,38.0,1.0,2.0,26.0,20.0,14.0,3.0,1.8,4.8,9.8,15.0,4.8,20.4,12.6,0.14285714285714288,,,,0,0.0,0.0,1.0,2.0,6.0,4.0,0.0,-4.0,0
2018-11-01,0.0,0.0,1.0,4.0,5.0,9.0,0.0,7.0,10.0,0.0,16.0,26.0,1.0,0.0,1.0,62.0,5.0,1.0,0.0,0.0,3.0,9.0,3.0,0.0,6.0,2.0,29.0,6.0,22.0,29.0,1.0,2.0,20.0,19.0,14.0,5.0,2.0,5.2,8.8,13.6,4.2,17.6,11.2,0.17857142857142858,,,,0,0.0,0.0,0.0,2.0,-6.0,0.0,-7.0,-11.0,0
2018-12-01,1.0,0.0,0.0,5.0,5.0,9.0,0.0,6.0,12.0,0.0,20.0,30.0,2.0,0.0,2.0,57.0,5.0,1.0,0.0,0.0,3.0,10.0,3.0,0.0,6.0,2.0,34.0,6.0,21.0,29.0,1.0,2.0,33.0,20.0,14.0,9.0,2.2,5.4,10.8,12.6,4.4,18.4,14.0,0.15714285714285717,,,,0,1.0,1.0,0.0,2.0,4.0,7.0,-5.0,-17.0,0
2019-01-01,0.0,0.0,1.0,6.0,5.0,8.0,0.0,8.0,10.0,0.0,13.0,28.0,0.0,0.0,1.0,73.0,6.0,1.0,0.0,0.0,3.0,13.0,3.0,0.0,7.0,2.0,32.0,5.0,51.0,36.0,1.0,2.0,21.0,23.0,17.0,5.0,2.4,5.2,8.4,16.0,5.2,25.2,12.8,0.18749999999999997,,,,0,-1.0,0.0,-1.0,0.0,-2.0,2.0,16.0,4.0,0
2019-02-01,0.0,0.0,1.0,5.0,6.0,10.0,0.0,8.0,9.0,0.0,13.0,28.0,0.0,0.0,1.0,68.0,6.0,1.0,0.0,0.0,3.0,11.0,3.0,0.0,7.0,2.0,30.0,5.0,28.0,34.0,1.0,2.0,16.0,23.0,16.0,3.0,2.4,5.4,8.4,15.0,4.8,19.8,11.6,0.20689655172413793,,,,0,0.0,0.0,2.0,1.0,0.0,-4.0,-5.0,-1.0,0
2019-03-01,0.0,0.0,0.0,4.0,6.0,9.0,0.0,8.0,10.0,0.0,15.0,31.0,0.0,0.0,1.0,66.0,5.0,1.0,0.0,0.0,3.0,14.0,3.0,0.0,8.0,3.0,32.0,4.0,22.0,32.0,1.0,2.0,15.0,24.0,16.0,4.0,2.0,5.4,9.4,14.4,5.6,18.6,11.6,0.1724137931034483,,,,0,0.0,0.0,-1.0,0.0,3.0,5.0,-2.0,4.0,0
2019-04-01,0.0,0.0,0.0,4.0,5.0,10.0,0.0,8.0,13.0,0.0,17.0,31.0,0.0,0.0,1.0,70.0,6.0,1.0,0.0,0.0,3.0,15.0,3.0,0.0,7.0,2.0,32.0,5.0,21.0,32.0,1.0,2.0,15.0,25.0,16.0,2.0,1.8,6.2,9.8,15.4,5.6,18.4,11.8,0.15254237288135591,,,,0,0.0,-1.0,1.0,1.0,0.0,1.0,4.0,13.0,0
2019-05-01,0.0,0.0,0.0,4.0,5.0,9.0,0.0,7.0,10.0,0.0,13.0,27.0,0.0,0.0,1.0,71.0,6.0,1.0,0.0,0.0,3.0,13.0,3.0,0.0,7.0,3.0,33.0,6.0,23.0,31.0,1.0,2.0,18.0,22.0,14.0,2.0,1.8,5.2,8.2,15.6,5.2,19.2,11.4,0.15789473684210525,,,,0,0.0,0.0,-1.0,1.0,-4.0,-1.0,1.0,-2.0,0
2019-06-01,0.0,0.0,0.0,4.0,4.0,7.0,0.0,8.0,12.0,0.0,11.0,31.0,0.0,1.0,2.0,75.0,7.0,1.0,0.0,0.0,3.0,22.0,3.0,0.0,7.0,3.0,36.0,6.0,24.0,30.0,1.0,2.0,15.0,24.0,15.0,5.0,1.6,5.4,9.0,16.6,7.0,19.8,11.4,0.14035087719298245,,,,0,0.0,0.0,-2.0,-3.0,4.0,3.0,4.0,7.0,0
2019-07-01,0.0,0.0,0.0,5.0,4.0,7.0,0.0,8.0,11.0,0.0,12.0,35.0,0.0,4.0,2.0,73.0,6.0,1.0,0.0,0.0,3.0,20.0,3.0,0.0,8.0,3.0,38.0,7.0,29.0,32.0,1.0,2.0,13.0,22.0,15.0,6.0,1.8,5.2,10.6,16.0,6.8,21.8,10.6,0.169811320754717,,,,0,0.0,0.0,0.0,-2.0,4.0,4.0,-2.0,7.0,0
2019-08-01,2.0,0.0,0.0,4.0,4.0,7.0,0.0,7.0,10.0,0.0,11.0,36.0,0.0,2.0,1.0,75.0,7.0,1.0,0.0,0.0,3.0,29.0,3.0,0.0,7.0,3.0,32.0,6.0,26.0,34.0,1.0,2.0,24.0,22.0,14.0,6.0,2.0,4.8,10.0,16.6,8.4,20.2,12.6,0.15873015873015872,,,,0,2.0,2.0,0.0,-3.0,1.0,5.0,2.0,5.0,0
2019-09-01,1.0,0.0,0.0,4.0,5.0,8.0,0.0,7.0,11.0,0.0,14.0,36.0,0.0,3.0,1.0,70.0,6.0,1.0,0.0,0.0,3.0,23.0,3.0,0.0,7.0,3.0,29.0,6.0,24.0,34.0,1.0,2.0,15.0,22.0,14.0,3.0,2.0,5.2,10.8,15.4,7.2,19.2,10.8,0.18518518518518517,,,,0,-1.0,1.0,1.0,-1.0,0.0,9.0,-5.0,-1.0,0
2019-10-01,1.0,0.0,1.0,4.0,5.0,9.0,0.0,7.0,11.0,0.0,14.0,31.0,0.0,2.0,1.0,70.0,6.0,1.0,0.0,0.0,2.0,17.0,3.0,0.0,6.0,2.0,26.0,6.0,24.0,33.0,1.0,2.0,16.0,22.0,15.0,2.0,2.2,5.4,9.6,15.4,5.6,18.2,11.2,0.19642857142857145,,,,0,0.0,1.0,1.0,2.0,-5.0,0.0,0.0,-5.0,0
2019-11-01,0.0,0.0,0.0,4.0,5.0,9.0,0.0,7.0,8.0,0.0,13.0,26.0,0.0,0.0,1.0,62.0,6.0,1.0,0.0,0.0,2.0,14.0,3.0,0.0,6.0,2.0,27.0,6.0,21.0,28.0,1.0,2.0,16.0,20.0,16.0,2.0,1.8,4.8,8.0,13.8,5.0,16.8,11.0,0.16363636363636364,,,,0,-1.0,0.0,0.0,2.0,-5.0,-9.0,-8.0,-11.0,0
2019-12-01,0.0,0.0,0.0,5.0,5.0,8.0,0.0,7.0,8.0,0.0,12.0,24.0,0.0,0.0,1.0,60.0,6.0,1.0,0.0,0.0,2.0,11.0,3.0,0.0,6.0,2.0,31.0,6.0,23.0,28.0,1.0,2.0,15.0,22.0,17.0,1.0,2.0,4.6,7.4,13.4,4.4,18.0,11.4,0.17543859649122806,,,,0,0.0,-2.0,-1.0,1.0,-2.0,-12.0,-2.0,-15.0,0
2020-01-01,0.0,0.0,1.0,6.0,5.0,8.0,0.0,9.0,10.0,0.0,11.0,28.0,0.0,0.0,1.0,79.0,7.0,1.0,0.0,0.0,3.0,16.0,3.0,0.0,8.0,3.0,27.0,6.0,23.0,33.0,1.0,2.0,20.0,29.0,21.0,1.0,2.4,5.4,8.0,17.4,6.0,18.4,14.6,0.1643835616438356,,,,0,0.0,-1.0,0.0,0.0,4.0,-8.0,19.0,9.0,0
2020-02-01,1.0,0.0,1.0,5.0,5.0,9.0,0.0,8.0,9.0,0.0,12.0,31.0,0.0,0.0,1.0,67.0,6.0,1.0,0.0,0.0,3.0,22.0,3.0,0.0,8.0,2.0,26.0,5.0,21.0,36.0,2.0,4.0,35.0,25.0,18.0,3.0,2.4,5.2,8.8,14.8,7.2,18.0,16.8,0.14285714285714285,,,,0,1.0,0.0,1.0,0.0,3.0,0.0,-12.0,-3.0,0
2020-03-01,2.0,1.0,1.0,42.0,5.0,9.0,0.0,5.0,22.0,0.0,31.0,100.0,0.0,8.0,1.0,58.0,6.0,1.0,0.0,0.0,9.0,100.0,4.0,1.0,8.0,2.0,30.0,4.0,50.0,29.0,3.0,14.0,100.0,21.0,18.0,8.0,10.2,7.2,28.0,13.0,24.4,23.0,31.2,0.3269230769230769,,,,0,1.0,2.0,0.0,0.0,69.0,74.0,-9.0,-4.0,0
2020-04-01,1.0,0.0,2.0,100.0,6.0,10.0,0.0,5.0,21.0,0.0,20.0,43.0,0.0,0.0,1.0,48.0,5.0,1.0,0.0,0.0,8.0,43.0,4.0,1.0,10.0,2.0,26.0,2.0,78.0,37.0,2.0,10.0,46.0,19.0,16.0,5.0,21.8,7.2,12.8,10.8,13.2,29.0,18.6,1.172043010752688,,,,0,-1.0,1.0,1.0,2.0,-57.0,19.0,-10.0,-12.0,0
2020-05-01,1.0,0.0,1.0,70.0,5.0,9.0,0.0,5.0,9.0,0.0,15.0,39.0,0.0,0.0,1.0,56.0,6.0,1.0,0.0,0.0,6.0,32.0,4.0,1.0,11.0,2.0,25.0,2.0,44.0,45.0,2.0,6.0,29.0,20.0,14.0,11.0,15.4,4.6,11.0,12.6,10.8,23.6,14.2,1.0845070422535212,,,,0,0.0,1.0,-1.0,1.0,-4.0,11.0,8.0,-23.0,0
2020-06-01,1.0,0.0,1.0,59.0,4.0,7.0,0.0,6.0,6.0,0.0,14.0,36.0,0.0,0.0,1.0,63.0,7.0,1.0,0.0,0.0,4.0,31.0,3.0,1.0,11.0,3.0,27.0,3.0,40.0,43.0,2.0,7.0,35.0,21.0,15.0,11.0,13.0,3.8,10.2,14.2,10.0,23.2,16.0,0.8125,,,,0,0.0,0.0,-2.0,-2.0,-3.0,5.0,7.0,-4.0,0
2020-07-01,0.0,0.0,1.0,56.0,4.0,7.0,0.0,6.0,6.0,0.0,14.0,35.0,0.0,0.0,1.0,62.0,7.0,1.0,0.0,0.0,4.0,33.0,3.0,1.0,11.0,3.0,25.0,3.0,37.0,36.0,2.0,5.0,27.0,22.0,16.0,3.0,12.2,3.8,10.0,14.0,10.4,20.8,14.4,0.8472222222222221,,,,0,-1.0,-2.0,0.0,-2.0,-1.0,-65.0,-1.0,4.0,0
2020-08-01,0.0,0.0,1.0,53.0,4.0,7.0,0.0,6.0,6.0,0.0,10.0,33.0,0.0,0.0,1.0,62.0,6.0,1.0,0.0,0.0,4.0,29.0,3.0,1.0,10.0,3.0,25.0,4.0,38.0,30.0,2.0,5.0,22.0,22.0,16.0,6.0,11.6,3.8,8.8,13.8,9.4,20.0,13.4,0.8656716417910447,,,,0,0.0,-1.0,0.0,-3.0,-2.0,-10.0,0.0,14.0,0
2020-09-01,0.0,0.0,1.0,44.0,5.0,9.0,0.0,6.0,6.0,0.0,11.0,32.0,0.0,0.0,1.0,62.0,6.0,1.0,0.0,0.0,3.0,22.0,3.0,1.0,9.0,3.0,22.0,4.0,33.0,27.0,1.0,4.0,26.0,22.0,14.0,5.0,10.0,4.2,8.8,13.8,7.6,17.8,13.4,0.7462686567164178,,,,0,0.0,-1.0,2.0,0.0,-1.0,-7.0,0.0,6.0,0
2020-10-01,0.0,0.0,1.0,32.0,4.0,9.0,0.0,6.0,6.0,0.0,12.0,29.0,0.0,0.0,0.0,58.0,6.0,1.0,0.0,0.0,3.0,20.0,3.0,1.0,9.0,3.0,25.0,4.0,36.0,26.0,1.0,3.0,25.0,21.0,16.0,3.0,7.4,4.2,8.2,13.0,7.2,18.8,13.2,0.5606060606060607,,,,0,0.0,-1.0,0.0,2.0,-3.0,-7.0,-4.0,-5.0,0
2020-11-01,0.0,0.0,1.0,27.0,4.0,8.0,0.0,6.0,8.0,0.0,12.0,27.0,0.0,0.0,1.0,50.0,6.0,1.0,0.0,0.0,3.0,17.0,3.0,1.0,8.0,2.0,24.0,4.0,33.0,24.0,1.0,5.0,28.0,20.0,15.0,4.0,6.4,4.4,8.0,11.4,6.4,17.4,13.8,0.463768115942029,,,,0,0.0,0.0,-1.0,1.0,-2.0,-8.0,-8.0,-12.0,0
2020-12-01,0.0,0.0,0.0,36.0,4.0,9.0,0.0,6.0,6.0,0.0,14.0,26.0,0.0,0.0,1.0,53.0,6.0,1.0,0.0,0.0,3.0,18.0,3.0,1.0,8.0,2.0,28.0,4.0,36.0,22.0,2.0,6.0,25.0,23.0,18.0,3.0,8.0,4.2,8.2,12.0,6.6,18.4,14.8,0.5405405405405405,,,,0,0.0,0.0,1.0,2.0,-1.0,-7.0,3.0,-9.0,0
2021-01-01,0.0,0.0,0.0,45.0,4.0,9.0,0.0,7.0,12.0,0.0,11.0,30.0,0.0,0.0,1.0,57.0,6.0,1.0,0.0,0.0,3.0,22.0,3.0,1.0,10.0,3.0,26.0,3.0,40.0,26.0,4.0,12.0,39.0,24.0,20.0,4.0,9.8,5.6,8.4,12.8,7.8,19.6,19.8,0.494949494949495,,,,0,0.0,0.0,0.0,0.0,4.0,-2.0,4.0,-5.0,0
2021-02-01,0.0,0.0,0.0,36.0,5.0,12.0,1.0,7.0,17.0,0.0,14.0,34.0,0.0,0.0,0.0,58.0,6.0,1.0,0.0,0.0,4.0,22.0,4.0,1.0,11.0,3.0,24.0,4.0,39.0,22.0,3.0,12.0,35.0,26.0,19.0,7.0,8.2,7.4,9.6,13.0,8.4,18.4,19.0,0.431578947368421,,,,0,0.0,0.0,3.0,3.0,4.0,5.0,1.0,0.0,0
2021-03-01,0.0,0.0,0.0,36.0,4.0,12.0,1.0,6.0,18.0,0.0,13.0,36.0,0.0,0.0,2.0,52.0,5.0,1.0,0.0,0.0,4.0,23.0,4.0,1.0,11.0,3.0,24.0,3.0,32.0,21.0,2.0,5.0,26.0,24.0,16.0,15.0,8.0,7.4,10.2,11.6,8.6,16.6,14.6,0.547945205479452,,,,0,0.0,0.0,0.0,4.0,2.0,9.0,-6.0,2.0,0
2021-04-01,0.0,0.0,0.0,30.0,4.0,12.0,0.0,6.0,9.0,0.0,13.0,31.0,0.0,0.0,1.0,55.0,5.0,1.0,0.0,0.0,6.0,18.0,4.0,1.0,11.0,3.0,22.0,3.0,30.0,21.0,2.0,6.0,22.0,24.0,17.0,8.0,6.8,5.4,9.0,12.2,8.0,15.8,14.2,0.47887323943661975,,,,0,0.0,0.0,0.0,3.0,-5.0,5.0,3.0,2.0,0
2021-05-01,0.0,0.0,0.0,29.0,4.0,17.0,1.0,6.0,24.0,0.0,12.0,28.0,0.0,0.0,1.0,59.0,7.0,1.0,0.0,0.0,6.0,15.0,4.0,1.0,10.0,4.0,22.0,4.0,34.0,20.0,2.0,5.0,21.0,24.0,15.0,3.0,6.6,9.6,8.2,13.4,7.2,16.8,13.4,0.4925373134328358,,,,0,0.0,0.0,5.0,8.0,-3.0,-2.0,4.0,2.0,0
2021-06-01,0.0,0.0,0.0,27.0,4.0,12.0,0.0,6.0,12.0,0.0,11.0,27.0,0.0,0.0,2.0,64.0,7.0,1.0,0.0,0.0,6.0,15.0,4.0,1.0,9.0,5.0,23.0,4.0,36.0,21.0,1.0,4.0,19.0,24.0,15.0,6.0,6.2,6.0,8.0,14.4,7.0,17.8,12.6,0.4920634920634921,,,,0,0.0,0.0,-5.0,0.0,-1.0,-7.0,5.0,6.0,0
2021-07-01,0.0,0.0,0.0,23.0,3.0,11.0,0.0,6.0,13.0,0.0,8.0,25.0,0.0,0.0,1.0,63.0,7.0,1.0,0.0,0.0,8.0,15.0,4.0,1.0,9.0,5.0,25.0,4.0,39.0,19.0,1.0,3.0,19.0,22.0,14.0,5.0,5.2,6.0,6.8,14.2,7.4,18.4,11.8,0.4406779661016949,,,,0,0.0,0.0,-1.0,-1.0,-2.0,-11.0,-1.0,11.0,0
2021-08-01,0.0,0.0,0.0,21.0,4.0,9.0,0.0,6.0,11.0,0.0,8.0,23.0,0.0,0.0,1.0,64.0,7.0,1.0,0.0,0.0,6.0,14.0,3.0,1.0,9.0,5.0,24.0,4.0,45.0,18.0,1.0,3.0,16.0,22.0,15.0,5.0,5.0,5.2,6.4,14.4,6.6,19.2,11.4,0.43859649122807015,,,,0,0.0,0.0,-2.0,-3.0,-2.0,-8.0,1.0,9.0,0
2021-09-01,0.0,0.0,0.0,16.0,4.0,11.0,0.0,7.0,10.0,0.0,10.0,24.0,0.0,0.0,1.0,62.0,7.0,1.0,0.0,0.0,5.0,12.0,3.0,1.0,9.0,4.0,23.0,4.0,43.0,18.0,1.0,2.0,18.0,21.0,14.0,7.0,4.0,5.6,7.0,14.0,6.0,18.4,11.2,0.35714285714285715,,,,0,0.0,0.0,2.0,-6.0,1.0,-4.0,-2.0,3.0,0
2021-10-01,0.0,0.0,0.0,9.0,4.0,15.0,1.0,7.0,20.0,0.0,10.0,27.0,0.0,0.0,1.0,61.0,7.0,1.0,0.0,0.0,5.0,14.0,3.0,1.0,8.0,4.0,24.0,4.0,37.0,20.0,1.0,3.0,19.0,23.0,15.0,4.0,2.6,8.6,7.6,13.8,6.2,17.8,12.2,0.21311475409836067,,,,0,0.0,0.0,4.0,3.0,3.0,0.0,-1.0,-3.0,0
2021-11-01,0.0,0.0,0.0,7.0,4.0,19.0,0.0,6.0,19.0,0.0,13.0,30.0,0.0,0.0,2.0,59.0,6.0,1.0,0.0,0.0,4.0,15.0,3.0,1.0,8.0,4.0,25.0,4.0,36.0,18.0,1.0,3.0,20.0,23.0,16.0,14.0,2.2,8.8,9.0,13.2,6.2,17.4,12.6,0.17460317460317462,,,,0,0.0,0.0,4.0,8.0,3.0,5.0,-2.0,-4.0,0
2021-12-01,0.0,0.0,0.0,7.0,4.0,17.0,0.0,6.0,11.0,0.0,13.0,26.0,0.0,0.0,2.0,53.0,6.0,1.0,0.0,0.0,4.0,11.0,3.0,1.0,8.0,4.0,26.0,4.0,33.0,17.0,1.0,3.0,24.0,22.0,16.0,9.0,2.2,6.8,8.2,12.0,5.4,16.8,13.2,0.16666666666666669,,,,0,0.0,0.0,-2.0,8.0,-4.0,3.0,-6.0,-11.0,0
2022-01-01,0.0,0.0,0.0,9.0,4.0,18.0,0.0,8.0,11.0,0.0,14.0,39.0,1.0,0.0,4.0,65.0,6.0,1.0,0.0,0.0,6.0,16.0,4.0,1.0,11.0,5.0,24.0,4.0,40.0,18.0,1.0,3.0,25.0,29.0,20.0,16.0,2.6,7.4,11.6,14.4,7.6,18.2,15.6,0.16666666666666669,,,1.3437943802784962,0,0.0,0.0,1.0,7.0,13.0,15.0,12.0,3.0,0
2022-02-01,0.0,0.0,0.0,8.0,5.0,23.0,1.0,10.0,28.0,0.0,15.0,40.0,1.0,0.0,2.0,64.0,7.0,1.0,0.0,0.0,7.0,18.0,5.0,2.0,11.0,5.0,25.0,4.0,39.0,21.0,1.0,3.0,29.0,26.0,19.0,4.0,2.6,12.4,11.6,14.4,8.6,18.8,15.6,0.16666666666666669,,,-0.30515446467165447,0,0.0,0.0,5.0,8.0,1.0,13.0,-1.0,3.0,0
2022-03-01,1.0,0.0,0.0,7.0,5.0,25.0,1.0,9.0,98.0,0.0,18.0,54.0,2.0,0.0,3.0,67.0,6.0,1.0,0.0,0.0,8.0,24.0,5.0,2.0,11.0,5.0,23.0,4.0,36.0,20.0,1.0,3.0,25.0,26.0,18.0,9.0,2.6,26.6,15.4,14.8,10.0,17.6,14.6,0.17808219178082194,,,0.3789526860038803,0,1.0,1.0,2.0,6.0,14.0,24.0,3.0,8.0,0
2022-04-01,1.0,0.0,0.0,6.0,5.0,25.0,1.0,9.0,23.0,0.0,20.0,58.0,1.0,0.0,2.0,62.0,6.0,1.0,0.0,0.0,9.0,28.0,5.0,2.0,10.0,5.0,24.0,4.0,35.0,20.0,1.0,3.0,22.0,26.0,18.0,6.0,2.4,11.6,16.2,13.8,10.8,17.6,14.0,0.17142857142857143,,,-0.010757554693406318,0,0.0,1.0,0.0,8.0,4.0,32.0,-5.0,9.0,0
2022-05-01,2.0,1.0,1.0,5.0,5.0,27.0,1.0,8.0,43.0,0.0,20.0,59.0,3.0,0.0,5.0,61.0,6.0,1.0,0.0,0.0,10.0,24.0,5.0,2.0,10.0,5.0,25.0,5.0,37.0,19.0,1.0,2.0,30.0,23.0,16.0,13.0,2.8,15.8,17.4,13.6,10.2,18.2,14.4,0.19444444444444442,-0.42253321930087134,2.261157527711393,2.060655227549149,1,1.0,2.0,2.0,9.0,1.0,20.0,-1.0,-4.0,1
2022-06-01,3.0,0.0,1.0,5.0,4.0,32.0,1.0,8.0,68.0,0.0,19.0,71.0,8.0,0.0,5.0,64.0,7.0,1.0,0.0,0.0,12.0,31.0,5.0,3.0,9.0,5.0,26.0,5.0,43.0,22.0,1.0,2.0,28.0,22.0,16.0,14.0,2.6,21.8,20.6,14.4,12.0,20.2,13.8,0.18840579710144928,0.4401232114564878,2.8744919872891876,2.2105194311298737,1,1.0,3.0,5.0,9.0,12.0,31.0,3.0,0.0,1
2022-07-01,3.0,0.0,1.0,5.0,4.0,27.0,0.0,9.0,34.0,0.0,15.0,57.0,7.0,0.0,6.0,64.0,7.0,1.0,0.0,0.0,12.0,25.0,5.0,3.0,10.0,5.0,27.0,5.0,43.0,22.0,1.0,2.0,17.0,22.0,16.0,7.0,2.6,14.0,17.0,14.4,11.0,20.4,11.6,0.22413793103448276,0.5157264049154923,1.8012889333132454,0.38334131531838667,0,0.0,2.0,-5.0,2.0,-14.0,3.0,0.0,-3.0,1
2022-08-01,1.0,0.0,1.0,5.0,3.0,35.0,0.0,8.0,22.0,0.0,11.0,44.0,1.0,0.0,2.0,70.0,7.0,1.0,0.0,0.0,11.0,21.0,5.0,2.0,9.0,5.0,26.0,5.0,41.0,23.0,1.0,2.0,17.0,23.0,16.0,12.0,2.0,13.0,11.6,15.6,9.6,20.0,11.8,0.1694915254237288,0.3246679934691687,0.3776223744260281,1.5991197582705068,0,-2.0,0.0,8.0,10.0,-13.0,-14.0,6.0,8.0,0
2022-09-01,1.0,0.0,1.0,4.0,4.0,26.0,0.0,8.0,21.0,0.0,16.0,59.0,8.0,0.0,6.0,62.0,6.0,1.0,0.0,0.0,10.0,24.0,4.0,2.0,9.0,5.0,24.0,5.0,44.0,19.0,1.0,2.0,23.0,21.0,14.0,15.0,2.0,11.0,17.8,13.8,9.8,19.4,12.2,0.1639344262295082,0.055301699145244236,1.8830766739447058,2.2105770692255255,1,0.0,-1.0,-9.0,-1.0,15.0,0.0,-8.0,1.0,0
2022-10-01,1.0,0.0,1.0,5.0,4.0,31.0,0.0,9.0,23.0,0.0,17.0,59.0,2.0,0.0,3.0,59.0,6.0,1.0,0.0,0.0,10.0,24.0,4.0,2.0,8.0,4.0,24.0,4.0,45.0,20.0,1.0,2.0,21.0,21.0,15.0,6.0,2.2,12.6,16.2,13.2,9.6,19.4,12.0,0.18333333333333335,0.056987218085748366,1.4156945690754152,-0.019140762328244323,0,0.0,-2.0,5.0,-1.0,0.0,-12.0,-3.0,-5.0,0
2022-11-01,1.0,0.0,3.0,5.0,4.0,25.0,0.0,7.0,16.0,0.0,19.0,59.0,5.0,0.0,6.0,55.0,6.0,1.0,0.0,0.0,8.0,22.0,4.0,1.0,7.0,4.0,22.0,4.0,39.0,22.0,1.0,2.0,20.0,19.0,15.0,14.0,2.6,9.6,17.8,12.4,8.4,18.2,11.4,0.22807017543859648,-0.450411046670194,1.7198956337588862,1.8655758959625226,0,0.0,-2.0,-6.0,-2.0,0.0,2.0,-4.0,-9.0,0
2022-12-01,1.0,0.0,1.0,5.0,4.0,20.0,0.0,7.0,16.0,0.0,17.0,49.0,3.0,0.0,4.0,51.0,6.0,1.0,0.0,0.0,8.0,17.0,4.0,1.0,7.0,4.0,23.0,4.0,33.0,20.0,1.0,2.0,18.0,20.0,17.0,8.0,2.2,8.6,14.6,11.6,7.4,16.8,11.6,0.18965517241379312,-1.0204101571383155,0.9101641695705635,0.38610848346314786,0,0.0,0.0,-5.0,-15.0,-10.0,5.0,-4.0,-19.0,0
2023-01-01,1.0,0.0,3.0,6.0,5.0,19.0,0.0,8.0,15.0,0.0,14.0,54.0,2.0,0.0,4.0,69.0,7.0,1.0,0.0,0.0,9.0,20.0,4.0,2.0,9.0,4.0,21.0,4.0,38.0,22.0,1.0,2.0,17.0,24.0,21.0,7.0,3.0,8.4,14.8,15.4,8.8,17.8,13.0,0.23076923076923078,-0.581270004353676,0.9231039542292291,0.11910397786780093,0,0.0,0.0,-1.0,-7.0,5.0,-5.0,18.0,7.0,0
2023-02-01,1.0,0.0,2.0,6.0,5.0,22.0,0.0,8.0,13.0,0.0,17.0,62.0,3.0,0.0,5.0,62.0,6.0,1.0,0.0,0.0,9.0,21.0,4.0,1.0,9.0,4.0,23.0,3.0,36.0,22.0,1.0,2.0,18.0,26.0,19.0,14.0,2.8,8.6,17.4,13.8,8.8,17.6,13.2,0.21212121212121213,-0.6435942823015985,1.483098306363971,1.757752979473412,0,0.0,0.0,3.0,-9.0,8.0,3.0,-7.0,3.0,0
2023-03-01,1.0,0.0,2.0,5.0,5.0,20.0,0.0,7.0,12.0,0.0,25.0,77.0,6.0,0.0,6.0,63.0,6.0,1.0,0.0,0.0,9.0,27.0,4.0,1.0,9.0,4.0,26.0,3.0,30.0,23.0,1.0,2.0,20.0,26.0,18.0,26.0,2.6,7.8,22.8,14.0,10.0,17.2,13.4,0.19402985074626866,-0.8107919553940759,2.5253209313278058,3.838267418804333,1,0.0,0.0,-2.0,-5.0,15.0,18.0,1.0,8.0,0
2023-04-01,1.0,0.0,2.0,5.0,4.0,19.0,0.0,8.0,14.0,0.0,18.0,59.0,1.0,0.0,2.0,62.0,6.0,1.0,0.0,0.0,8.0,21.0,4.0,1.0,9.0,5.0,26.0,4.0,29.0,23.0,1.0,2.0,16.0,25.0,17.0,4.0,2.4,8.2,16.0,13.8,8.6,17.4,12.2,0.19672131147540983,-0.7134395256441554,0.9882479385364533,-0.6167256365137948,0,0.0,0.0,-1.0,-1.0,-18.0,10.0,-1.0,11.0,0
2023-05-01,1.0,0.0,1.0,5.0,4.0,17.0,0.0,8.0,12.0,0.0,16.0,63.0,3.0,0.0,4.0,67.0,7.0,1.0,0.0,0.0,7.0,20.0,4.0,1.0,9.0,5.0,27.0,4.0,31.0,24.0,1.0,2.0,14.0,23.0,15.0,8.0,2.2,7.4,17.2,15.0,8.2,18.2,11.0,0.2,-0.33681831510459975,1.2020972499937,0.18370910128007112,0,0.0,0.0,-2.0,-2.0,4.0,9.0,5.0,-2.0,0
2023-06-01,1.0,0.0,1.0,5.0,3.0,15.0,0.0,8.0,12.0,0.0,12.0,55.0,2.0,0.0,4.0,66.0,8.0,1.0,0.0,0.0,7.0,20.0,4.0,2.0,9.0,5.0,30.0,5.0,35.0,23.0,1.0,2.0,15.0,23.0,17.0,11.0,2.0,7.0,14.6,15.0,8.4,19.6,11.6,0.1724137931034483,0.31042688986182976,0.6126773607056463,0.763053643326576,0,0.0,0.0,-2.0,-7.0,-8.0,-7.0,-1.0,4.0,0
2023-07-01,0.0,0.0,1.0,5.0,3.0,16.0,0.0,8.0,16.0,0.0,14.0,60.0,3.0,0.0,4.0,71.0,7.0,1.0,0.0,0.0,6.0,21.0,4.0,1.0,9.0,5.0,29.0,4.0,37.0,24.0,1.0,2.0,13.0,23.0,18.0,5.0,1.8,8.0,16.2,15.8,8.2,19.8,11.4,0.15789473684210525,0.3915126645198994,0.9264237746944082,-0.4627832662982344,0,-1.0,-1.0,1.0,-4.0,5.0,-17.0,5.0,8.0,0
2023-08-01,1.0,0.0,1.0,5.0,3.0,16.0,1.0,8.0,16.0,0.0,10.0,59.0,1.0,0.0,2.0,70.0,7.0,1.0,0.0,0.0,7.0,22.0,4.0,1.0,8.0,5.0,28.0,4.0,37.0,25.0,1.0,2.0,14.0,22.0,18.0,8.0,2.0,8.2,14.4,15.6,8.4,19.8,11.4,0.17543859649122806,0.378810707034398,0.5181504895386757,0.12695433914934137,0,1.0,0.0,0.0,-3.0,-1.0,0.0,-1.0,8.0,0
2023-09-01,1.0,0.0,1.0,5.0,4.0,19.0,0.0,9.0,16.0,0.0,13.0,56.0,2.0,0.0,3.0,64.0,7.0,1.0,0.0,0.0,6.0,18.0,3.0,1.0,8.0,4.0,27.0,5.0,37.0,22.0,1.0,2.0,12.0,22.0,16.0,6.0,2.2,8.8,14.8,14.4,7.2,19.0,10.6,0.2075471698113208,0.012392291225575064,0.5790782504386108,-0.30502199274436814,0,0.0,0.0,3.0,2.0,-3.0,-7.0,-6.0,-3.0,0
2023-10-01,1.0,0.0,1.0,5.0,4.0,18.0,0.0,8.0,13.0,0.0,15.0,62.0,1.0,0.0,2.0,63.0,7.0,1.0,0.0,0.0,5.0,23.0,3.0,1.0,8.0,4.0,25.0,4.0,32.0,25.0,1.0,2.0,16.0,21.0,17.0,7.0,2.2,7.8,16.0,14.2,8.0,18.0,11.4,0.1929824561403509,-0.43177984478767517,0.8082859268079553,-0.10461455925723472,0,0.0,0.0,-1.0,3.0,6.0,7.0,-1.0,-3.0,0
2023-11-01,1.0,0.0,1.0,5.0,4.0,19.0,0.0,8.0,13.0,0.0,17.0,61.0,1.0,0.0,3.0,60.0,7.0,1.0,0.0,0.0,4.0,24.0,3.0,1.0,7.0,4.0,24.0,4.0,30.0,24.0,1.0,2.0,15.0,21.0,18.0,9.0,2.2,8.0,16.4,13.6,7.8,17.2,11.4,0.1929824561403509,-0.7680896816662879,0.8652305789264124,0.3017951858531232,0,0.0,1.0,1.0,3.0,-1.0,1.0,-3.0,-11.0,0
2023-12-01,0.0,0.0,1.0,5.0,4.0,18.0,0.0,7.0,11.0,0.0,15.0,62.0,0.0,0.0,3.0,53.0,6.0,1.0,0.0,0.0,4.0,25.0,3.0,1.0,7.0,4.0,27.0,4.0,27.0,22.0,1.0,2.0,14.0,24.0,21.0,8.0,2.0,7.2,16.0,12.0,8.0,16.8,12.4,0.16129032258064516,-0.919650056214939,0.7521724372618513,0.08458648266947215,0,-1.0,-1.0,-1.0,2.0,1.0,3.0,-7.0,-17.0,0
2024-01-01,0.0,0.0,2.0,7.0,4.0,17.0,0.0,9.0,9.0,0.0,12.0,59.0,0.0,0.0,3.0,69.0,8.0,1.0,0.0,0.0,4.0,23.0,3.0,1.0,9.0,4.0,23.0,3.0,33.0,23.0,1.0,2.0,15.0,27.0,24.0,4.0,2.6,7.0,14.8,15.6,8.0,17.2,13.8,0.18840579710144928,-0.713084617715117,0.47818551177964513,-0.7599391150316807,0,0.0,-1.0,-1.0,-2.0,-3.0,3.0,16.0,5.0,0
2024-02-01,1.0,0.0,1.0,6.0,5.0,21.0,0.0,8.0,10.0,0.0,14.0,57.0,0.0,0.0,2.0,64.0,7.0,1.0,0.0,0.0,4.0,21.0,3.0,1.0,9.0,4.0,22.0,3.0,28.0,26.0,1.0,3.0,17.0,28.0,22.0,9.0,2.6,7.8,14.6,14.4,7.6,16.6,14.2,0.18309859154929578,-0.9670632353029291,0.415771040843534,0.2662933055540107,0,1.0,0.0,4.0,3.0,-2.0,-5.0,-5.0,1.0,0
2024-03-01,0.0,0.0,1.0,5.0,4.0,20.0,0.0,8.0,12.0,0.0,15.0,58.0,0.0,1.0,4.0,63.0,7.0,1.0,0.0,0.0,4.0,20.0,3.0,1.0,9.0,4.0,21.0,3.0,25.0,28.0,1.0,3.0,16.0,30.0,22.0,13.0,2.0,8.0,15.6,14.2,7.4,16.2,14.4,0.1388888888888889,-1.1384827007851541,0.6027829076837933,1.077124504980865,0,-1.0,-1.0,-1.0,1.0,1.0,-3.0,-1.0,3.0,0
2024-04-01,1.0,0.0,1.0,5.0,4.0,22.0,0.0,8.0,15.0,0.0,18.0,59.0,0.0,0.0,2.0,68.0,7.0,1.0,0.0,0.0,4.0,21.0,3.0,1.0,9.0,4.0,22.0,4.0,25.0,26.0,1.0,2.0,16.0,26.0,20.0,11.0,2.2,9.0,15.8,15.2,7.6,16.2,13.0,0.16923076923076924,-1.1099669166168478,0.6172202087554419,0.6199916599744072,0,1.0,1.0,2.0,4.0,1.0,-3.0,5.0,15.0,0
2024-05-01,0.0,0.0,1.0,5.0,4.0,20.0,0.0,8.0,10.0,0.0,14.0,53.0,0.0,0.0,3.0,70.0,8.0,1.0,0.0,0.0,3.0,21.0,3.0,1.0,9.0,4.0,23.0,4.0,26.0,26.0,1.0,2.0,14.0,24.0,17.0,9.0,2.0,7.6,14.0,15.8,7.4,16.6,11.6,0.1724137931034483,-0.9071765600892813,0.20189216041421412,0.1545717418097882,0,-1.0,0.0,-2.0,3.0,-6.0,-6.0,2.0,1.0,0
2024-06-01,0.0,0.0,1.0,5.0,3.0,17.0,0.0,8.0,10.0,0.0,13.0,49.0,0.0,0.0,3.0,70.0,9.0,1.0,0.0,0.0,4.0,20.0,3.0,1.0,9.0,4.0,24.0,4.0,28.0,27.0,1.0,2.0,13.0,23.0,18.0,6.0,1.8,7.0,13.0,16.0,7.4,17.4,11.4,0.15789473684210525,-0.5441540197883646,-0.03680585329508653,-0.5341636471356349,0,0.0,-1.0,-3.0,-4.0,-4.0,-8.0,0.0,6.0,0
2024-07-01,0.0,0.0,1.0,5.0,3.0,17.0,0.0,8.0,11.0,0.0,11.0,50.0,0.0,1.0,3.0,69.0,8.0,1.0,0.0,0.0,4.0,19.0,3.0,1.0,9.0,4.0,24.0,4.0,30.0,27.0,1.0,2.0,14.0,23.0,19.0,13.0,1.8,7.2,13.0,15.6,7.2,17.8,11.8,0.15254237288135591,-0.3342618174791143,0.03097158077636275,1.014371963285673,0,0.0,0.0,0.0,-3.0,1.0,-8.0,-1.0,6.0,0
2024-08-01,1.0,1.0,1.0,5.0,3.0,18.0,0.0,8.0,11.0,1.0,12.0,63.0,0.0,2.0,2.0,73.0,8.0,1.0,0.0,0.0,4.0,29.0,3.0,1.0,8.0,4.0,23.0,4.0,32.0,27.0,1.0,2.0,29.0,24.0,20.0,16.0,2.2,7.6,15.8,16.4,9.0,18.0,15.2,0.14473684210526316,-0.19755157421184444,0.7173412353205126,1.604537062048816,0,1.0,0.0,1.0,-4.0,13.0,4.0,4.0,5.0,0
2024-09-01,1.0,0.0,1.0,5.0,4.0,20.0,0.0,7.0,11.0,1.0,19.0,82.0,0.0,9.0,6.0,66.0,7.0,1.0,0.0,0.0,3.0,37.0,3.0,1.0,8.0,4.0,21.0,4.0,29.0,26.0,1.0,2.0,15.0,23.0,18.0,13.0,2.2,7.8,23.2,14.8,10.4,16.8,11.8,0.1864406779661017,-0.9847832938606375,2.37137549576146,0.9333503202135612,0,0.0,1.0,2.0,0.0,19.0,29.0,-7.0,-4.0,0
2024-10-01,0.0,0.0,1.0,5.0,4.0,19.0,0.0,8.0,10.0,0.0,14.0,49.0,0.0,1.0,2.0,64.0,8.0,1.0,0.0,0.0,3.0,22.0,3.0,0.0,8.0,4.0,20.0,4.0,32.0,27.0,1.0,2.0,17.0,23.0,20.0,4.0,2.0,7.4,13.2,14.6,7.2,17.4,12.6,0.15873015873015872,-0.5517486622833372,-0.00639646960129378,-0.9888029617745063,0,-1.0,0.0,-1.0,2.0,-33.0,0.0,-2.0,-6.0,0
2024-11-01,0.0,0.0,1.0,5.0,4.0,20.0,0.0,8.0,10.0,1.0,20.0,60.0,0.0,3.0,3.0,60.0,7.0,1.0,0.0,0.0,4.0,26.0,3.0,0.0,8.0,4.0,20.0,3.0,27.0,28.0,1.0,3.0,24.0,23.0,21.0,19.0,2.0,7.8,17.2,13.6,8.2,16.4,14.4,0.1388888888888889,-1.352689500891733,0.9088421120704635,2.116153572524977,1,0.0,0.0,1.0,3.0,11.0,10.0,-4.0,-9.0,0
2024-12-01,0.0,0.0,1.0,5.0,4.0,16.0,0.0,7.0,8.0,1.0,16.0,51.0,0.0,4.0,4.0,55.0,7.0,1.0,0.0,0.0,3.0,21.0,3.0,0.0,7.0,4.0,23.0,4.0,24.0,25.0,1.0,3.0,20.0,24.0,22.0,12.0,2.0,6.4,15.0,12.6,6.8,16.0,14.0,0.14285714285714285,-1.6335154085549242,0.3629611044067899,0.6274181351340475,0,0.0,-1.0,-4.0,-2.0,-9.0,-12.0,-5.0,-18.0,0
2025-01-01,0.0,0.0,1.0,6.0,4.0,16.0,0.0,8.0,9.0,1.0,15.0,56.0,0.0,1.0,5.0,69.0,9.0,1.0,0.0,0.0,3.0,22.0,3.0,1.0,9.0,4.0,21.0,3.0,36.0,27.0,2.0,3.0,22.0,28.0,25.0,8.0,2.2,6.8,15.4,15.8,7.6,18.2,16.0,0.1375,0.24358607588121617,0.43304870905096055,-0.22265857597023297,0,0.0,-1.0,0.0,-4.0,5.0,-26.0,14.0,3.0,0
2025-02-01,1.0,0.0,3.0,6.0,4.0,20.0,0.0,9.0,10.0,1.0,15.0,55.0,0.0,0.0,2.0,68.0,8.0,1.0,0.0,0.0,4.0,22.0,3.0,1.0,9.0,4.0,20.0,3.0,29.0,30.0,1.0,3.0,25.0,30.0,23.0,8.0,2.8,8.0,14.4,15.4,7.8,17.2,16.4,0.17073170731707318,-0.5872743367364731,0.16485407296966836,-0.2467973591744381,0,1.0,1.0,4.0,1.0,-1.0,6.0,-1.0,4.0,0
2025-03-01,2.0,0.0,1.0,5.0,4.0,19.0,0.0,8.0,11.0,1.0,16.0,63.0,0.0,1.0,4.0,65.0,8.0,1.0,0.0,0.0,4.0,27.0,3.0,1.0,9.0,4.0,20.0,3.0,24.0,32.0,1.0,3.0,39.0,27.0,22.0,11.0,2.4,7.8,16.8,14.8,8.8,16.6,18.4,0.13043478260869565,-1.0779109880480278,0.7251955447704352,0.37010457590661394,0,1.0,2.0,-1.0,-1.0,8.0,3.0,-3.0,5.0,0
2025-04-01,2.0,1.0,1.0,5.0,4.0,18.0,0.0,7.0,11.0,1.0,18.0,65.0,0.0,1.0,2.0,64.0,8.0,1.0,0.0,0.0,5.0,32.0,4.0,1.0,9.0,4.0,21.0,4.0,25.0,34.0,1.0,4.0,72.0,27.0,23.0,47.0,2.6,7.4,17.2,14.6,10.2,17.6,25.4,0.10236220472440946,-0.21592070521609052,0.7932853240996489,5.334086727199181,1,0.0,2.0,-1.0,2.0,2.0,14.0,-1.0,9.0,0
2025-05-01,1.0,0.0,1.0,5.0,4.0,16.0,0.0,7.0,11.0,1.0,12.0,48.0,0.0,1.0,4.0,65.0,8.0,1.0,0.0,0.0,4.0,21.0,3.0,1.0,9.0,5.0,21.0,4.0,25.0,29.0,1.0,2.0,24.0,26.0,18.0,12.0,2.2,7.0,13.0,14.8,7.6,16.8,14.2,0.15492957746478875,-0.8634894527947209,-0.30070239747392097,0.24946248262073312,0,-1.0,1.0,-2.0,0.0,-17.0,-8.0,1.0,-4.0,0
2025-06-01,0.0,0.0,1.0,5.0,3.0,14.0,0.0,8.0,11.0,0.0,13.0,51.0,0.0,1.0,3.0,66.0,9.0,1.0,0.0,0.0,5.0,20.0,4.0,1.0,9.0,5.0,21.0,4.0,26.0,31.0,1.0,2.0,22.0,29.0,19.0,30.0,1.8,6.6,13.6,15.2,7.8,17.4,14.6,0.12328767123287672,-0.32931839211022884,-0.16759309444697262,2.6154614315260982,1,-1.0,-1.0,-2.0,-6.0,3.0,-4.0,1.0,-2.0,0
2025-07-01,0.0,0.0,1.0,5.0,4.0,21.0,0.0,11.0,11.0,1.0,28.0,69.0,0.0,2.0,9.0,71.0,9.0,1.0,1.0,0.0,7.0,25.0,6.0,1.0,10.0,6.0,23.0,5.0,30.0,38.0,1.0,4.0,28.0,32.0,23.0,100.0,2.0,8.8,21.6,16.4,9.8,20.4,17.6,0.11363636363636363,2.1228179273568086,1.8315534799123667,6.084385953636653,1,0.0,-2.0,7.0,2.0,18.0,6.0,5.0,6.0,0
2025-08-01,0.0,0.0,1.0,5.0,3.0,19.0,0.0,9.0,9.0,1.0,24.0,60.0,0.0,3.0,4.0,65.0,9.0,1.0,1.0,0.0,5.0,25.0,4.0,1.0,9.0,5.0,22.0,4.0,29.0,34.0,1.0,3.0,24.0,29.0,21.0,45.0,1.8,7.6,18.2,15.2,8.8,18.8,15.6,0.11538461538461539,0.7590472057601032,0.9247352860025367,2.1167355210968584,1,0.0,-2.0,-2.0,1.0,-9.0,-5.0,-6.0,1.0,0
2025-09-01,1.0,0.0,1.0,4.0,4.0,20.0,0.0,9.0,9.0,1.0,23.0,79.0,0.0,10.0,8.0,61.0,8.0,1.0,1.0,0.0,4.0,37.0,4.0,0.0,9.0,5.0,20.0,4.0,26.0,33.0,1.0,3.0,22.0,28.0,21.0,25.0,2.0,7.8,24.0,14.2,10.8,17.6,15.0,0.13333333333333333,-0.2816318697531252,2.2884368654440483,0.7615078779172312,0,1.0,0.0,1.0,4.0,19.0,31.0,-4.0,-4.0,0
2025-10-01,1.0,0.0,2.0,5.0,4.0,20.0,0.0,8.0,9.0,1.0,20.0,58.0,0.0,4.0,6.0,59.0,8.0,1.0,0.0,0.0,4.0,27.0,4.0,1.0,9.0,4.0,20.0,4.0,71.0,34.0,1.0,3.0,27.0,30.0,22.0,17.0,2.4,7.6,17.6,13.6,9.0,26.6,16.6,0.14457831325301204,5.088451891253464,0.6429889572059534,0.2181905633573016,0,0.0,1.0,0.0,6.0,-21.0,7.0,-2.0,-7.0,0
2025-11-01,1.0,0.0,1.0,5.0,4.0,25.0,0.0,13.0,9.0,1.0,27.0,52.0,0.0,3.0,5.0,56.0,8.0,1.0,1.0,0.0,9.0,24.0,5.0,1.0,10.0,5.0,20.0,4.0,58.0,32.0,1.0,3.0,28.0,28.0,21.0,10.0,2.2,9.6,17.4,13.2,9.8,23.8,16.2,0.1358024691358025,3.0290016257858543,0.563376944790854,-0.2533270405138171,0,0.0,1.0,5.0,4.0,-6.0,-17.0,-3.0,-15.0,0
2025-12-01,0.0,0.0,1.0,6.0,4.0,26.0,1.0,13.0,11.0,1.0,35.0,75.0,0.0,9.0,10.0,53.0,8.0,1.0,1.0,0.0,9.0,26.0,8.0,1.0,11.0,4.0,23.0,4.0,25.0,36.0,1.0,3.0,25.0,33.0,24.0,19.0,2.2,10.4,25.8,12.6,11.0,18.4,17.2,0.12790697674418605,0.11682633024956442,2.7006248614934862,0.32830968455589415,0,-1.0,0.0,1.0,7.0,23.0,15.0,-3.0,-12.0,0
2026-01-01,0.0,0.0,2.0,6.0,4.0,24.0,1.0,14.0,12.0,1.0,31.0,67.0,0.0,1.0,7.0,67.0,10.0,2.0,1.0,0.0,9.0,27.0,10.0,1.0,12.0,5.0,21.0,3.0,29.0,39.0,2.0,4.0,26.0,37.0,28.0,75.0,2.4,10.4,21.2,16.0,11.8,19.4,19.4,0.12371134020618557,0.6461778498722549,1.4485930673985263,3.4714832787375505,1,0.0,-1.0,-2.0,4.0,-8.0,-12.0,14.0,6.0,0
2026-02-01,1.0,0.0,1.0,6.0,5.0,22.0,0.0,12.0,10.0,1.0,22.0,53.0,0.0,1.0,4.0,60.0,9.0,1.0,1.0,0.0,6.0,24.0,7.0,1.0,11.0,4.0,21.0,4.0,26.0,40.0,1.0,3.0,26.0,35.0,25.0,13.0,2.6,9.0,16.0,14.2,9.8,19.0,18.0,0.14444444444444446,0.41709778774805145,-0.03949315171098838,-0.14956303737673485,0,1.0,0.0,-2.0,2.0,-14.0,-5.0,-7.0,1.0,0
